,구,동,구분,단지명,세대수,사용검사일,도로명주소,nm,x,y
0,수지구,죽전동,임대,용인 죽전 경기행복주택,85,20220826,수지구,경기 용인시 수지구,127.097681729933,37.3221152975625
1,수지구,신봉동,분양,수지스카이뷰푸르지오,363,20220628,수지구 신봉3로7번길 31,경기 용인시 수지구 신봉동 1034,127.069530080233,37.3268168643055
2,수지구,신봉동,분양,힐스테이트 광교산,789,20220429,신봉동 신봉도시개발구역 7블럭,경기 용인시 수지구 신봉동 1025,127.0679618502262,37.33319176542239
3,수지구,동천동,분양,한화 포레나 수지동천,293,20220221,수지구 동천동 349-10번지 일원,경기 용인시 수지구 동천동 349-10,127.09347759458963,37.34003120193278
4,기흥구,언남동,분양,힐스테이트 구성,699,(20210731~20230730),기흥구 용인향교로 29,경기 용인시 기흥구 언남동 315,127.119286924919,37.2974293956629
5,기흥구,동백동,분양,신동백 두산위브더제니스,1187,20210630,기흥구 동백죽전대로 507,경기 용인시 기흥구 동백동 694,127.150608535392,37.2830246609485
6,수지구,죽전동,분양,죽전역 솔하임,234,20210309,수지구 정든로 5,경기 용인시 수지구 죽전동 1088-2,127.113540494502,37.3275054456876
7,수지구,상현동,분양,광교상현 솔하임,224,20210204,수지구 상현로 6,경기 용인시 수지구 상현동 1219,127.074650278871,37.3025115899845
8,수지구,성복동,분양,성복역 롯데캐슬 클라시엘(파크나인2차),1094,20210129,수지구 성복1로 35,경기 용인시 수지구 성복동 819,127.073779230336,37.3142264047401
9,수지구,죽전동,분양,까뮤이스테이트,193,20200831,수지구 용구대로 2793,경기 용인시 수지구 죽전동 1493,127.108437717828,37.33487391199
10,수지구,성복동,분양,성복역롯데캐슬파크나인1차,534,20200630,성복1로 13,경기 용인시 수지구 성복동 814,127.073791408878,37.3108741881584
11,수지구,동천동,분양,더샵 동천이스트포레,980,20200814,수지구 수풍로 89,경기 용인시 수지구 동천동 산 151-2,127.090813807316,37.3328305263887
12,수지구,상현동,분양,상현더샵파크사이드,479,2019.08.28,수지구 만현로67번길 20,경기 용인시 수지구 상현동 1214,127.088522841076,37.3082964964469
13,기흥구,영덕동,분양,기흥힉스유타워,230,2019.11.01,기흥구 중부대로 184,경기 용인시 기흥구 영덕동 1315,127.090689370086,37.2691613298833
14,기흥구,신갈동,분양,이안두드림,297,2019.9.10,기흥구 중부대로 376,경기 용인시 기흥구 신갈동 68-6,127.108875146108,37.2714574421973
15,처인구,남사면 아곡리,분양,e편한 세상 용인 파크카운티,75,20190628,처인구 남사면 한숲로33번길 36,경기 용인시 처인구 남사읍 아곡리 686,127.167109985309,37.1546270499204
16,수지구,동천동,분양,동천파크자이,388,20190730,수지구 동천로153번길 79,경기 용인시 수지구 동천동 930,127.090060938532,37.3321602839599
17,수지구,성복동,분양,성복역 롯데캐슬 골드타운,2356,20190630,수지구 성복2로 10,경기 용인시 수지구 성복동 789,127.083106430916,37.3112648289337
18,기흥구,보라동,분양,보라효성해링턴플레이스,970,20190529,기흥구 사은로84번길 10,경기 용인시 기흥구 보라동 660,127.113437206674,37.2540844951938
19,수지구,동천동,분양,동천자이2차,1057,20190530,수지구 고기로45번길 40-18,경기 용인시 수지구 동천동 164-4,127.094892462148,37.341437124213
20,기흥구,신갈동,분양,신흥덕 롯데캐슬레이시티,1597,20190429,기흥구 신정로 25,경기 용인시 기흥구 신갈동 736,127.101431429455,37.2730954778418
21,처인구,역북동,분양,역북신원아침도시,452,20190201,처인구 낙은로 11,경기 용인시 처인구 역북동 795,127.197317788422,37.2385704552006
22,처인구,김량장동,분양,용인 에스원 스마트빌,299,20140630,백옥대로 1104,경기 용인시 처인구 김량장동 63-9,127.209391465262,37.2341415411794
23,기흥구,영덕동,분양,기흥 효성해링턴플레이스,1679,20190329,기흥구 영덕대로2077번길 33,경기 용인시 기흥구 영덕동 1267,127.09648600251971,37.26486436672898
24,수지구,풍덕천동,분양,수지파크푸르지오,430,20190328,수지구 풍덕천로171번길 9,경기 용인시 수지구 풍덕천동 1223,127.099244427714,37.3268290106252
25,수지구,성복동,분양,성복역KCC스위첸,188,20190322,수지구 성복1로 62,경기 용인시 수지구 성복동 167,127.072942564189,37.3152131053821
26,처인구,김량장동,임대,용인김량장행복주택,70,20190201,처인구 금령로 40번길 15-5,경기 용인시 처인구 김량장동 338-7,127.201462243704,37.2335721387863
27,처인구,김량장동,분양,유메이드 주상복합,299,20170210,처인구 금령로 43,경기 용인시 처인구 김량장동 254-158,127.201120887894,37.2350929624375
28,처인구,양지면 남곡리,분양,양지포레스토리,174,20190117,처인구 양지면 은이로 85,경기 용인시 처인구 양지면 남곡리 898,127.278730828863,37.2237979176946
29,수지구,성복동,분양,용인성복서희스타힐스애비뉴,174,20180921,수지구 성복1로 80,경기 용인시 수지구 성복동 168-10,127.071267962717,37.3156726620216
30,기흥구,중동,분양,하우스디 동백 카바나,284,20190221,기흥구 동백죽전대로 527번길 34,경기 용인시 기흥구 중동 1100,127.147124111918,37.2852183858318
31,수지구,신봉동,분양,수지신봉동도센트리움,184,20190131,수지구 신봉3로 6,경기 용인시 수지구 신봉동 965,127.067261275289,37.3283036176158
32,기흥구,신갈동,분양,삼익 리베리움,171,20170608,기흥구 갈천로7번길 47,경기 용인시 기흥구 신갈동 71-35,127.104723385184,37.2703384908712
33,수지구,풍덕천동,분양,한샘 더랜드마크,220,20181129,수지구 포은대로 477,경기 용인시 수지구 풍덕천동 82-9,127.101826107888,37.3240902915367
34,처인구,김량장동,분양,용인웰메이드시티,299,20180814,처인구 금령로 106번길 14-8,경기 용인시 처인구 김량장동 84-3,127.207243318428,37.2345837683508
35,수지구,동천동,분양,동천 자이,1437,20180830,수지구 동천동 고기로 89,경기 용인시 수지구 동천동 105-3,127.091532269053,37.3447488936611
36,수지구,동천동,분양,동천 더샵 파크사이드,330,20180803,수지구 동천로 178번길 4,경기 용인시 수지구 동천동 917,127.085451689556,37.3385802147712
37,수지구,죽전동,분양,죽전 효성해링턴플레이스,113,20180228,수지구 용구대로 2750,경기 용인시 수지구 죽전동 1492,127.109477369629,37.3312486466949
38,기흥구,구갈동,분양,기흥역 더샵 주상복합,1219,20181109,기흥구 기흥역로 53번길 78,경기 용인시 기흥구 구갈동 661,127.11808841278624,37.27336413237066
39,기흥구,구갈동,분양,힐스테이트 기흥,976,20180824,기흥구 기흥역로 63,경기 용인시 기흥구 구갈동 660,127.118778508807,37.2748427696292
40,기흥구,신갈동,분양,기흥우방아이유쉘,400,20180823,신정로41번길 31,경기 용인시 기흥구 신갈동 734,127.100799752645,37.2764366237461
41,기흥구,동백동,분양,동백라온프라이빗 테리스파크,133,20180803,기흥구 동백8로 160,경기 용인시 기흥구 동백동 588,127.166144869327,37.2805825136151
42,기흥구,구갈동,분양,기흥역세권 파크푸르지오 주상복합,768,20150711,기흥구 기흥역로58번길 56,경기 용인시 기흥구 구갈동 663,127.120450974178,37.2718101606869
43,처인구,완장리,분양,용인 한숲시티 6블럭,1784,20180627,처인구 남사면 한숲로 84,경기 용인시 처인구 남사읍 완장리 954,127.173656345397,37.1561090694356
44,처인구,아곡리,분양,용인 한숲시티 5블럭,2336,20180627,처인구 남사면 한숲로 83,경기 용인시 처인구 남사읍 아곡리 681,127.170126776434,37.1581701311615
45,처인구,완장리,분양,용인 한숲시티 4블럭,710,20180627,처인구 남사면 한숲로 124,경기 용인시 처인구 남사읍 완장리 952,127.175501302175,37.1591118282048
46,처인구,완장리,분양,용인 한숲시티 3블럭,1449,20180627,처인구 남사면 한숲로 123,경기 용인시 처인구 남사읍 완장리 949,127.172057132033,37.1601463360453
47,처인구,완장리,분양,용인 한숲시티 2블럭,446,20180627,처인구 남사면 한숲로 137,경기 용인시 처인구 남사읍 완장리 945,127.173948565082,37.161355406237
48,기흥구,구갈동,분양,기흥역세권 센트럴푸르지오 주상복합,1316,20180622,기흥역로58번길 10,경기 용인시 기흥구 구갈동 662,127.119029735417,37.2739931969359
49,처인구,역북동,분양,역북 동원로얄듀크,842,20180622,처인구 명지로16번길 26,경기 용인시 처인구 역북동 734,127.185291322676,37.2356068835221
50,처인구,고림동,분양,양우내안애 에듀파크 아파트,737,20180427,경안천로 112,경기 용인시 처인구 고림동 1005,127.214857565402,37.2418513585198
51,수지구,성복동,분양,광교상현 꿈에그린,639,20180228,수지로 17,경기 용인시 수지구 상현동 1206,127.072617824971,37.3065828331701
52,수지구,성복동,분양,수지성복 효성해링턴코트,236,20180228,성복1로281번길 20,경기 용인시 수지구 성복동 787,127.052135737832,37.3252174638868
53,기흥구,구갈동,분양,기흥역 롯데캐슬 레이시티,260,20171129,기흥구 기흥역로 9,경기 용인시 기흥구 구갈동 657,127.115337289593,37.2748218442608
54,기흥구,구갈동,분양,기흥역세권 지웰푸르지오 주상복합,561,20171129,기흥구 기흥역로16번길 ,경기 용인시 기흥구 구갈동 658,127.11439446632804,37.27318755139998
55,처인구,역북동,분양,역북 지웰푸르지오,1259,20171124,명지로40번길 35-16,경기 용인시 처인구 역북동 809,127.182243414418,37.2306890205109
56,처인구,역북동,분양,우미린 센트럴파크,1260,20171124,명지로16번길 25,경기 용인시 처인구 역북동 736,127.185165049744,37.2332338175126
57,기흥구,서천동,분양,서천효성해링턴플레이스,458,20171101,기흥구 서그내로 31,경기 용인시 기흥구 서천동 834,127.075235718937,37.2451107968065
58,처인구,역북동,분양,골드클래스,623,20170929,처인구 명지로40번길 35-29,경기 용인시 처인구 역북동 808,127.184400660885,37.2308219194505
59,수지구,풍덕천동,분양,수지 e편한세상 주상복합,1237,20170825,수지구 포은대로 313번길 7-10,경기 용인시 수지구 풍덕천동 1209,127.083890038258,37.3166948096886
60,기흥구,마북동,분양,용인 마북 신원아침도시 아파트,180,20170731,마북로247번길 3,경기 용인시 기흥구 마북동 654,127.130507821299,37.3092277880156
61,기흥구,동백동,분양,동백코아루스칸디나하우스,98,20170728,동백7로 128,경기 용인시 기흥구 동백동 665,127.163467495906,37.2789703181812
62,기흥구,서천동,분양,영통로 효성해링턴플레이스,640,20170629,서그내로16번길 30,경기 용인시 기흥구 서천동 828,127.070332164053,37.2454907178065
63,수지구,상현동,분양,레이크포레,235,20170623,광교호수로 431,경기 용인시 수지구 상현동 1204,127.08416392288,37.3026023385572
64,수지구,성복동,분양,아이비힐,66,20170615,성복1로249번길 5,경기 용인시 수지구 성복동 783,127.058508055691,37.3222466623203
65,수지구,신봉동,분양,광교산 한양수자인 더킨포크,294,20170526,수지구 태봉로 17,경기 용인시 수지구 신봉동 1024,127.057444452313,37.3346648490018
66,기흥구,마북동,분양,구성 지음재 아파트,80,20170524,기흥구 구성로53번길 8,경기 용인시 기흥구 마북동 653,127.115895542576,37.2956437567068
67,수지구,상현2동,분양,수지 동도센트리움,168,20170331,수지구 이현로 125,경기 용인시 수지구 상현동 1203,127.090448351574,37.3128965349075
68,처인구,역북동,임대,역북2단지 우남퍼스트빌,505,20161024,용인시 처인구 낙은로 59 (역북동),경기 용인시 처인구 역북동 787,127.196679365345,37.2415236089635
69,처인구,역북동,임대,역북1단지 우남퍼스트빌,409,20161024,용인시 처인구 낙은로 60 (역북동),경기 용인시 처인구 역북동 781,127.196863141001,37.2427209713758
70,기흥구,동백동,분양,하우스디 동백테라스,90,20170102,경기도 용인시 기흥구 동백7로107번길 10 (동백동),경기 용인시 기흥구 동백동 590,127.163504777052,37.2807754978567
71,기흥구,중동,분양,신동백 동도센트리움,254,20161214,경기도 용인시 기흥구 언동로 201 (중동),경기 용인시 기흥구 중동 1146,127.14406153734187,37.27756575613481
72,기흥구,마북동,분양,구성역 효성해링턴 플레이스,296,20161123,경기도 용인시 기흥구 구성로 53번길 20 (마북동),경기 용인시 기흥구 마북동 651,127.115990695904,37.2967224748154
73,기흥구,서천동,분양,힐스테이트 서천,754,20160929,용인시 기흥구 서천동로 22 (서천동),경기 용인시 기흥구 서천동 801,127.075684044275,37.238322395798
74,처인구,천리,분양,용인 에이스카운티,430,20160808,경기도 용인시 처인구 이동읍 백옥대로 737,경기 용인시 처인구 이동읍 천리 1142,127.208654696125,37.2022773855101
75,기흥구,보정동,분양,죽전 1차 힐데스하임,40,20160729,경기도 용인시 기흥구 신촌로 93 (보정동),경기 용인시 기흥구 보정동 1308,127.114780162106,37.3057658215562
76,수지구,상현동,분양,용인 수지 휴엔하임,112,20160411,"수지구 상현로 152 (상현동, 수지 휴엔하임아파트)",경기 용인시 수지구 상현동 1201,127.084444773129,37.3106673064006
77,기흥구,서천동,분양,서천2차IPARK,289,20160226,"기흥구 서천동로21번길 11-22 (서천동, 서천2차 아이파크)",경기 용인시 기흥구 서천동 755,127.076805390304,37.2404386807371
78,수지구,풍덕천동,분양,래미안수지 이스트파크,845,2015.10.29.,"수지구 신수로683번길 19 (풍덕천동, 래미안 이스트파크)",경기 용인시 수지구 풍덕천동 1198,127.099313461978,37.329987610414
79,기흥구,보정동 ,분양,보정동 샬레파인비스타,155,2015.11.12.,"기흥구 진산로 140 (보정동, 죽전역샬레파인비스타)",경기 용인시 기흥구 보정동 1401,127.101697126542,37.3216459905545
80,수지구,풍덕천동,분양,수지 삼성 1차아파트,576,1994.12.20,"수지구 수풍로 13 (풍덕천동, 삼성래미안1차아파트)",경기 용인시 수지구 풍덕천동 693,127.087861493609,37.3264294824777
81,수지구,풍덕천동,분양,수지 한성아파트,774,1995.03.28,"수지구 문정로 55 (풍덕천동, 한성아파트)",경기 용인시 수지구 풍덕천동 698-2,127.092174417062,37.3257210533848
82,수지구,풍덕천동,분양,수지 건영아파트,190,1995.02.24,"수지구 수풍로23번길 25 (풍덕천동, 건영아파트)",경기 용인시 수지구 풍덕천동 694,127.086358717652,37.3270146379688
83,수지구,풍덕천동,분양,수지 삼성2차아파트,420,1995.12.06,"수지구 수풍로 38 (풍덕천동, 삼성2차아파트)",경기 용인시 수지구 풍덕천동 692-1,127.091844384411,37.326731637609
84,수지구,풍덕천동,분양,수지 보원아파트,619,1994.12.22,"수지구 수풍로 16 (풍덕천동, 토월마을보원아파트)",경기 용인시 수지구 풍덕천동 692,127.091193519229,37.3261174567638
85,수지구,풍덕천동,분양,수지 동부아파트,612,1995.07.31,"수지구 수지로 323 (풍덕천동, 1지구동부아파트)",경기 용인시 수지구 풍덕천동 691,127.093261635609,37.3274629781328
86,수지구,풍덕천동,분양,수지 동문아파트,368,1994.12.20,"수지구 수풍로 47 (풍덕천동, 동문아파트)",경기 용인시 수지구 풍덕천동 690,127.091139488863,37.3290253093973
87,수지구,풍덕천동,분양,우성그린빌,100,1997.08.30,"수지구 수지로 398 (풍덕천동, 수지우성그린빌라)",경기 용인시 수지구 풍덕천동 687-1,127.098472375352,37.3310096327932
88,수지구,풍덕천동,분양,수지 삼익풍림동아 아파트,1620,1994.12.20,"수지구 문인로 59 (풍덕천동, 퍼스트빌리지아파트)",경기 용인시 수지구 풍덕천동 664,127.096963739196,37.3316072715362
89,수지구,죽전동,분양,창죽마을 월드메르디앙아파트,47,2008.08.21,"수지구 용구대로2771번길 28 (죽전동, 창죽마을 월드메르디앙)",경기 용인시 수지구 죽전동 1481,127.105438966476,37.3335913917075
90,수지구,죽전동,분양,도담마을 휴먼빌,260,2010.06.11(2010.04.16),"수지구 대지로 77 (죽전동, 도담마을 휴먼빌 아파트)",경기 용인시 수지구 죽전동 1483,127.117644579167,37.3300300919113
91,수지구,죽전동,분양,죽전역 월드메르디앙,104,2010.05.27,"수지구 달맞이로 13 (죽전동, 죽전역 월드메르디앙)",경기 용인시 수지구 죽전동 1488,127.112696820131,37.3264961952767
92,수지구,풍덕천동,분양,수지CJ빌리지,36,2000.11.09,"수지구 수풍로 62 (풍덕천동, CJ빌리지)",경기 용인시 수지구 풍덕천동 19-1,127.09374989582,37.3294952303923
93,수지구,풍덕천동,분양,원흥아파트,50,1985.11.09,"수지구 풍덕천로171번길 3 (풍덕천동, 원흥맨션)",경기 용인시 수지구 풍덕천동 62-5,127.099204527092,37.3256586932153
94,수지구,풍덕천동,분양,수지 동보4차아파트,174,2000.04.28,"수지구 풍덕천로30번길 20 (풍덕천동, 두성마을동보4차아파트)",경기 용인시 수지구 풍덕천동 240-3,127.087268518805,37.316426291098
95,수지구,풍덕천동,분양,수지 동보3차아파트,279,1999.03.26(1998.12.28),"수지구 정평로13번길 20 (풍덕천동, 동보3차아파트)",경기 용인시 수지구 풍덕천동 504-10,127.087013031429,37.3172407435084
96,수지구,풍덕천동,분양,수지 삼성4차아파트,1137,1994.12.20,"수지구 수풍로 90 (풍덕천동, 삼성래미안4차아파트)",경기 용인시 수지구 풍덕천동 663-1,127.093516684522,37.330418161595
97,수지구,풍덕천동,분양,수지 한국아파트,416,1995.06.19,"수지구 정평로 116 (풍덕천동, 한국아파트)",경기 용인시 수지구 풍덕천동 699,127.093535019528,37.3236363477992
98,수지구,풍덕천동,분양,수지 현대1차아파트,1168,1994.12.20,"수지구 수지로342번길 18 (풍덕천동, 현대아파트)",경기 용인시 수지구 풍덕천동 700-1,127.09359437228,37.326643947419
99,수지구,풍덕천동,분양,정자뜰마을 태영데시앙 1차아파트,648,2004.04.23(2003.12.20.),"수지구 수지로 166 (풍덕천동, 정자뜰마을태영데시앙1차아파트)",경기 용인시 수지구 풍덕천동 1183,127.08296384069,37.3155734951697
100,수지구,풍덕천동,분양,진산마을 삼성7차,501,2002.11.09,"수지구 진산로34번길 29 (풍덕천동, 진산마을삼성래미안7차아파트)",경기 용인시 수지구 풍덕천동 1180-1,127.095881780815,37.3152042209919
101,수지구,풍덕천동,분양,진산마을 삼성6차,343,2002.02.21,"수지구 진산로 108 (풍덕천동, 진산마을삼성래미안6차아파트)",경기 용인시 수지구 풍덕천동 1168-2,127.099705663246,37.3187927615522
102,수지구,풍덕천동,분양,진산마을 삼성5차,1828,2003.07.28(2001.07.28),"수지구 진산로 90 (풍덕천동, 진산마을삼성래미안5차아파트)",경기 용인시 수지구 풍덕천동 1168-1,127.096895666794,37.3168198499541
103,수지구,풍덕천동,분양,신정마을 현대성우A,1239,1999.11.19,"수지구 풍덕천로 52 (풍덕천동, 현대성우아파트)",경기 용인시 수지구 풍덕천동 1112,127.090813615263,37.3175763161289
104,수지구,풍덕천동,분양,신정마을 9단지 주공A,812,2000.05.04,"수지구 풍덕천로 76 (풍덕천동, 주공9단지아파트)",경기 용인시 수지구 풍덕천동 1104,127.09087798744,37.3199747278095
105,수지구,풍덕천동,분양,신정마을 주공1단지아파트,1044,2000.03.31,"수지구 풍덕천로 91 (풍덕천동, 주공1단지아파트)",경기 용인시 수지구 풍덕천동 1065,127.091568069816,37.3210632746953
106,수지구,풍덕천동,분양,신정마을 7단지상록,670,2000.01.31,"수지구 풍덕천로 75 (풍덕천동, 신정마을상록아파트)",경기 용인시 수지구 풍덕천동 1060,127.09049097484,37.3205039309399
107,수지구,풍덕천동,분양,신정마을 6단지상록,393,2000.01.31,"수지구 풍덕천로 33 (풍덕천동, 신정마을6단지아파트)",경기 용인시 수지구 풍덕천동 1028,127.086478742702,37.3189183191966
108,수지구,풍덕천동,분양,신정마을 진흥아파트,414,1999.12.13,"수지구 풍덕천로 19 (풍덕천동, 진흥아파트)",경기 용인시 수지구 풍덕천동 1027,127.085303522814,37.3193195915051
109,수지구,풍덕천동,분양,신정마을 우성A,443,2000.05.13,"수지구 정평로 41 (풍덕천동, 우성아파트)",경기 용인시 수지구 풍덕천동 1025,127.085893402078,37.3197733757524
110,수지구,풍덕천동,분양,신정마을 성지A,538,2000.05.27,"수지구 정평로 61 (풍덕천동, 신정마을성지아파트)",경기 용인시 수지구 풍덕천동 1021,127.086341106584,37.3218783140646
111,수지구,풍덕천동,분양,신정마을 극동.임광A,424,2000.05.26,"수지구 정평로 73 (풍덕천동, 극동스타클래스, 임광그대가아파트)",경기 용인시 수지구 풍덕천동 1018,127.089196068087,37.3225443124245
112,수지구,풍덕천동,분양,신정마을 현대프라임,462,2000.02.29,"수지구 정평로 89 (풍덕천동, 신정마을현대프라임아파트)",경기 용인시 수지구 풍덕천동 1014,127.089396011329,37.3234189743597
113,수지구,풍덕천동,분양,수지 동보1차아파트,470,1995.04.07,"수지구 풍덕천로 161  (풍덕천동, 수지마을동보아파트) ",경기 용인시 수지구 풍덕천동 703,127.098505591896,37.3262889185527
114,수지구,풍덕천동,분양,수지진산마을푸르지오,438,2012.07.27,수지구 진산로34번길 24 (풍덕천동),경기 용인시 수지구 풍덕천동 1191,127.093682486019,37.3142775569728
115,수지구,풍덕천동,분양,정자뜰마을 태영데시앙 2차아파트,249,2006.04.18(2005.10.21),"수지구 풍덕천로22번길 67 (풍덕천동, 태영데시앙아파트)",경기 용인시 수지구 풍덕천동 1186,127.082291135141,37.3141215879111
116,수지구,풍덕천동,분양,수지푸르지오 월드마크,198,2013.05.24.,수지구 포은대로 467,경기 용인시 수지구 풍덕천동 1195,127.100817588259,37.3236036964448
117,수지구,신봉동,분양,광교산 자이아파트,445,2015.04.23.,"수지구 신봉2로 93 (신봉동, 광교산자이)",경기 용인시 수지구 신봉동 960,127.071580025863,37.3285439119413
118,수지구,신봉동,분양,수지웰스톤시티,265,2015.04.23.,수지구 신봉2로 60 (신봉동),경기 용인시 수지구 신봉동 925,127.074640193937,37.3277943445971
119,수지구,동천동 ,분양,동천파크뷰,79,2014.08.08.,수지구 신수로783번길 36,경기 용인시 수지구 동천동 969,127.099436303189,37.341517458525
120,수지구,죽전동,임대,내대지마을 주공2단지아파트,136,2005.07.20,"수지구 대지로 158  (죽전동, 내대지마을주공2단지)",경기 용인시 수지구 죽전동 1226,127.126750859764,37.3290161271195
121,수지구,죽전동,임대,성현마을 주공3단지아파트,388,2005.07.20,"수지구 죽전로193번길 11  (죽전동, 성현마을주공3단지아파트)",경기 용인시 수지구 죽전동 1233,127.12398209004,37.3268391943815
122,수지구,죽전동,임대,도담마을 주공8단지아파트,643,2005.08.05,수지구 죽전로27번길 60  (죽전동) ,경기 용인시 수지구 죽전동 1279,127.112287195228,37.325852256569
123,수지구,죽전동,임대,내대지마을 주공아파트,225,2006.04.17,"수지구 디지털벨리로 21  (죽전동, 내대지마을주공5단지)",경기 용인시 수지구 죽전동 1367,127.132348302732,37.329872375806
124,수지구,상현동,임대,휴먼시아아파트(광교),1117,2011.11.16.,"수지구 광교마을로 90  (상현동, 광교마을휴먼시아41단지)",경기 용인시 수지구 상현동 1135,127.075593136434,37.2952051161118
125,수지구,상현동,임대,광교마을 45단지,672,2014.01.29.,수지구 광교마을로 11,경기 용인시 수지구 상현동 1113,127.063489837285,37.298078336053
126,수지구,신봉동,분양,신봉마을 LG빌리지5차 A단지,532,2002.08.31,"수지구 신봉1로 110 (신봉동, 신봉마을엘지빌리지5차아파트)",경기 용인시 수지구 신봉동 870,127.074112207154,37.3272833406666
127,수지구,신봉동,분양,신봉마을 동부센트레빌 6단지,450,2010.09.24,"수지구 신봉1로 216 (신봉동, 신봉마을센트레빌6차)",경기 용인시 수지구 신봉동 946,127.064921731677,37.3331820295127
128,수지구,성복동,분양,성동마을 LG빌리지2차,758,2001.03.03,"수지구 수지로113번길 15 (성복동, 성동마을엘지빌리지2차아파트)",경기 용인시 수지구 성복동 90,127.075416893363,37.3130870956522
129,수지구,성복동,분양,성동마을 강남빌리지,428,2001.02.19,"수지구 수지로113번길 16 (성복동, 강남빌리지)",경기 용인시 수지구 성복동 84,127.076894709505,37.3144340019255
130,수지구,성복동,분양,용인 성복아이파크,351,2012.07.17(12.05.31),"수지구 성복1로 222 (성복동, 용인성복아이파크아파트)",경기 용인시 수지구 성복동 780,127.061648169477,37.3221480267536
131,수지구,성복동,분양,버들치마을 성복 힐스테이트 1차,645,2011.07.01,"수지구 성복1로 91 (성복동, 버들치마을성복힐스테이트1차아파트)",경기 용인시 수지구 성복동 771,127.069715242799,37.3147348895475
132,수지구,죽전동,분양,창죽마을 수지 벽산2단지,684,1997.09.27,"수지구 용구대로2771번길 66 (죽전동, 벽산2단지아파트)",경기 용인시 수지구 죽전동 832-1,127.105404087376,37.3351174990364
133,수지구,성복동,분양,버들치마을 성복자이2차,783,2011.10.28(2010.12.03),"수지구 성복2로 251 (성복동, 성복자이2차)",경기 용인시 수지구 성복동 767,127.061245659132,37.3188611757842
134,수지구,신봉동,분양,신봉마을 LG빌리지5차 B단지,556,2002.08.31,"수지구 신봉1로 112-2 (신봉동, 신봉마을엘지빌리지5차아파트)",경기 용인시 수지구 신봉동 870,127.073092369229,37.3259211635098
135,수지구,신봉동,분양,신봉마을 LG자이 1차,1990,2004.02.17,"수지구 신봉2로 26 (신봉동, LG신봉자이1차아파트)",경기 용인시 수지구 신봉동 873,127.077699444274,37.3254455462494
136,수지구,죽전동,분양,창죽마을 벽산첼시빌아파트,179,2001.09.29,"수지구 용구대로2771번길 88 (죽전동, 벽산첼시빌아파트)",경기 용인시 수지구 죽전동 1111,127.105331686143,37.3374920497986
137,수지구,죽전동,분양,대지마을 2차 현대홈타운 ,346,2001.08.02,"수지구 현암로 54 (죽전동, 현대홈타운2차아파트)",경기 용인시 수지구 죽전동 1110,127.114653204506,37.3312019365771
138,수지구,죽전동,분양,현암마을 대우넷씨빌아파트,119,2000.10.13,"수지구 용구대로 2724 (죽전동, 현암마을 대우넷시빌아파트)",경기 용인시 수지구 죽전동 1003-60,127.110910589723,37.3288525500023
139,수지구,죽전동,분양,현암마을 동성2차아파트,838,1999.05.13,"수지구 용구대로 2720 (죽전동, 동성2차아파트)",경기 용인시 수지구 죽전동 1003-8,127.109356906504,37.3289448201755
140,수지구,죽전동,분양,창죽마을 벽산4단지,465,1999.03.17,"수지구 용구대로2801번길 41 (죽전동, 블루밍벽산4단지아파트)",경기 용인시 수지구 죽전동 952,127.104737615065,37.3342846372483
141,수지구,죽전동,분양,창죽마을 수지 벽산3단지(302-305동),266,1997.09.24,"수지구 용구대로2801번길 17 (죽전동, 블루밍벽산3단지아파트)",경기 용인시 수지구 죽전동 941,127.106402849571,37.3345563440036
142,수지구,죽전동,분양,죽전아이뷰,432,1999.08.30,"수지구 현암로 3 (죽전동, 죽전아이뷰아파트)",경기 용인시 수지구 죽전동 883-1,127.110200608355,37.3325339272573
143,수지구,죽전동,분양,도담마을 아이파크,360,1998.12.18,"수지구 대지로 82 (죽전동, 도담마을아이파크)",경기 용인시 수지구 죽전동 331,127.117399191309,37.329249591719
144,수지구,죽전동,분양,창죽마을 수지 벽산3단지(301동),159,1997.09.24,"수지구 용구대로2801번길 16 (죽전동, 블루밍벽산3단지아파트)",경기 용인시 수지구 죽전동 855,127.10689101026,37.3353598938799
145,수지구,죽전동,분양,도담마을 7단지 뜨리에체아파트,430,1999.02.27,"수지구 푸른솔로 49 (죽전동, 도담마을7단지뜨리에체아파트)",경기 용인시 수지구 죽전동 414,127.1150844626,37.3247649963642
146,수지구,죽전동,분양,대지마을 대주한신아파트,311,1998.04.24,"수지구 대지로 27 (죽전동, 한신아파트)",경기 용인시 수지구 죽전동 453-1,127.113118995999,37.3281317963022
147,수지구,죽전동,분양,대지마을 수지길훈1차아파트,336,1999.02.27,"수지구 대지로 19 (죽전동, 길훈1차아파트)",경기 용인시 수지구 죽전동 454,127.111813264774,37.327872639172
148,수지구,죽전동,분양,대지마을 죽전퍼스트하임,480,1999.02.20,"수지구 대지로 49 (죽전동, 죽전퍼스트하임아파트)",경기 용인시 수지구 죽전동 488,127.114051642154,37.3298362838424
149,수지구,죽전동,분양,죽전 현대1차아파트,702,1999.04.14,"수지구 죽전로 244 (죽전동, 현대1차아파트)",경기 용인시 수지구 죽전동 89-1,127.130723409382,37.3324293267349
150,수지구,죽전동,분양,죽전 동성1차,684,1997.06.19,"수지구 용구대로 2742 (죽전동, 동성1차아파트)",경기 용인시 수지구 죽전동 501,127.110109228916,37.3299184981879
151,수지구,죽전동,분양,창죽마을 수지 벽산1단지,612,1997.09.27,"수지구 용구대로2771번길 68  (죽전동, 벽산1단지아파트)",경기 용인시 수지구 죽전동 832,127.106842175165,37.3364136934898
152,수지구,죽전동,분양,내대지마을 용인죽전동부센트레빌,536,1998.12.17,"수지구 대지로 139 (죽전동, 동부아파트)",경기 용인시 수지구 죽전동 172-1,127.12572686296,37.3308207243492
153,수지구,신봉동,분양,신봉마을 동부센트레빌 5단지,490,2010.09.24,"수지구 신봉1로 214 (신봉동, 신봉동부센트레빌5차아파트)",경기 용인시 수지구 신봉동 949,127.066572848259,37.3319662511779
154,수지구,신봉동,분양,서홍마을 한일아파트,296,2003.12.30,"수지구 신봉1로48번길 29  (신봉동, 한일아파트)",경기 용인시 수지구 신봉동 874,127.080819660427,37.3242608508507
155,수지구,신봉동,분양,서홍마을 벽산블루밍,246,2004.01.26,"수지구 신봉1로48번길 45 (신봉동, 벽산아파트)",경기 용인시 수지구 신봉동 876,127.083073893376,37.3243410133616
156,수지구,신봉동,분양,서홍마을 한화꿈에그린,404,2004.01.20,"수지구 신봉1로48번길 32 (신봉동, 서홍마을한화꿈에그린아파트)",경기 용인시 수지구 신봉동 880,127.081855570927,37.3234819167496
157,수지구,신봉동,분양,서홍마을 4단지(효성.현산),388,2004.01.10,"수지구 신봉1로 28 (신봉동, 서홍마을효성화운트빌아파트)",경기 용인시 수지구 신봉동 893,127.081732387572,37.3208968479859
158,수지구,신봉동,분양,서홍마을 우남퍼스트빌,962,2004.01.14,"수지구 신봉1로 27 (신봉동, 서홍마을우남퍼스트빌아파트)",경기 용인시 수지구 신봉동 905,127.081755032051,37.319200366708
159,수지구,신봉동,분양,신봉마을 자이 2차아파트,1626,2005.8.24(2004.12.29),"수지구 신봉2로 72 (신봉동, 신봉마을엘지자이2차아파트)",경기 용인시 수지구 신봉동 911,127.073006201223,37.3285206048701
160,수지구,신봉동,분양,신봉마을 자이3차,401,2007.03.30,"수지구 신봉1로71번길 25 (신봉동, 신봉마을자이3차아파트)",경기 용인시 수지구 신봉동 912,127.077827688844,37.3209209251706
161,수지구,죽전동,분양,내대지마을 죽전이편한세상아파트,141,2003.08.28,"수지구 대지로 148 (죽전동, 대림e편한세상)",경기 용인시 수지구 죽전동 1119,127.125806623534,37.3285791433447
162,수지구,죽전동,분양,대지마을 현대홈타운 3차 2단지,537,2003.04.04,"수지구 대지로15번길 60 (죽전동, 대지마을현대홈타운3차2단지아파트) ",경기 용인시 수지구 죽전동 1118,127.11474161271,37.3330204023368
163,수지구,죽전동,분양,도담마을  현대홈타운 4차 1단지,351,2003.04.02,"수지구 푸른솔로 55 (죽전동, 도담마을힐스테이트4차1단지아파트)",경기 용인시 수지구 죽전동 1116,127.116781371385,37.3257852846387
164,수지구,죽전동,분양,도담마을 롯데캐슬,231,2002.03.29,"수지구 대지로 64 (죽전동, 도담마을롯데캐슬아파트)",경기 용인시 수지구 죽전동 1115,127.116224131621,37.32828727849
165,수지구,신봉동,분양,신봉마을 동부센트레빌1단지,298,2010.05.03,"수지구 신봉1로172번길 8 (신봉동, 신봉마을센트레빌1차)",경기 용인시 수지구 신봉동 959,127.069648225532,37.3287865414389
166,수지구,신봉동,분양,신봉마을 동일하이빌2단지,232,2010.06.22,"수지구 신봉3로11번길 10-7 (신봉동, 신봉마을 동일하이빌2차)",경기 용인시 수지구 신봉동 987,127.067594630185,37.3260921140314
167,수지구,신봉동,분양,신봉마을 동일하이빌3단지,594,2010.09.17(2010.07.30),"수지구 신봉3로 25 (신봉동, 신봉마을동일하이빌3차)",경기 용인시 수지구 신봉동 985,127.064895049438,37.3265619821006
168,수지구,죽전동,분양,대지마을 중앙하이츠빌,271,2001.11.10,"수지구 현암로63번길 2 (죽전동, 대지마을중앙하이츠빌아파트)",경기 용인시 수지구 죽전동 1112,127.117023130661,37.3320946107826
169,수지구,신봉동,분양,신봉마을 동일하이빌 4단지,636,2010.10.04,"수지구 신봉3로12번길 9 (신봉동, 동일하이빌4차아파트)",경기 용인시 수지구 신봉동 976,127.064862201305,37.3302199204965
170,수지구,죽전동,분양,도담마을 죽전파크빌,561,1997.06.14,수지구 정든로 22 (죽전동),경기 용인시 수지구 죽전동 339,127.115846685568,37.3276836869479
171,수지구,성복동,분양,성동마을 수지자이2차,500,2010.09.27,"수지구 성복2로 184 (성복동, 성동마을수지자이2차아파트)",경기 용인시 수지구 성복동 762,127.067364215021,37.3191183396399
172,수지구,성복동,분양,버들치마을 성복 힐스테이트 3차,823,2010.06.06,"수지구 성복2로 220 (성복동, 버들치마을 힐스테이트3차)",경기 용인시 수지구 성복동 760,127.062646296865,37.3206362895327
173,수지구,동천동 ,분양,보뜨랑마을 벽산블루밍아파트,182,2004.11.12.(2004.06.30.),"수지구 신수로783번길 50 (동천동, 벽산아파트)",경기 용인시 수지구 동천동 912,127.098795974794,37.3425443581459
174,수지구,동천동 ,분양,동천마을동문굿모닝힐6차,220,2009.09.15(2007.10.31),"수지구 동천로 53 (동천동, 동문굿모닝힐6차아파트)",경기 용인시 수지구 동천동 913,127.096904395154,37.3400462851402
175,수지구,동천동 ,분양,동천마을동문굿모닝힐5차,1334,2009.09.11(2007.10.31),"수지구 동천로 64 (동천동, 동천마을동문굿모닝힐5차아파트)",경기 용인시 수지구 동천동 914,127.098298727226,37.34097274539
176,수지구,동천동 ,분양,한빛마을 래미안이스트팰리스 4단지,620,2010.05.31,"수지구 동천로153번길 6 (동천동, 한빛마을래미안이스트팰리스4단지아파트)",경기 용인시 수지구 동천동 923,127.086447726322,37.3364560321794
177,수지구,동천동 ,분양,한빛마을 래미안이스트팰리스 3단지,885,2010.05.31,"수지구 동천로135번길 21 (동천동, 한빛마을래미안이스트팰리스3단지)",경기 용인시 수지구 동천동 932,127.087424512062,37.3340292884234
178,수지구,동천동 ,분양,한빛마을 래미안이스트팰리스 1단지,460,2010.05.31,"수지구 동천로153번길 7 (동천동, 한빛마을래미안이스트팰리스1단지아파트)",경기 용인시 수지구 동천동 935,127.087358201018,37.3363041704464
179,수지구,동천동 ,분양,한빛마을 래미안이스트팰리스 2단지,428,2010.05.31,"수지구 동천로113번길 10 (동천동, 한빛마을래미안이스트팰리스2단지아파트)",경기 용인시 수지구 동천동 938,127.09067319832,37.3371388240297
180,수지구,상현동,분양,심곡마을 광교힐스테이트,860,2009.10.29,"수지구 수지로 75 (상현동, 심곡마을광교힐스테이트아파트)",경기 용인시 수지구 상현동 1099,127.072725781919,37.3090507025409
181,수지구,상현동,분양,광교마을 웅진스타클래스 1단지,168,2011.12.28,"수지구 법조로 251 (상현동, 광교마을웅진스타클래스1단지)",경기 용인시 수지구 상현동 1107,127.074449326457,37.3012986515503
182,수지구,상현동,분양,광교마을 웅진스타클래스 2단지,220,2011.12.28,"수지구 법조로 252 (상현동, 광교웅진스타클래스2단지)",경기 용인시 수지구 상현동 1108,127.076070647606,37.3006839247267
183,수지구,상현동,분양,광교경남아너스빌,700,2011.11.30,"수지구 광교마을로 2 (상현동, 광교경남아너스빌)",경기 용인시 수지구 상현동 1115,127.067432179743,37.2985835294125
184,수지구,상현동,분양,광교마을 상록자이 아파트,1035,2012.07.27,"수지구 광교마을로 62 (상현동, 광교상록자이아파트)",경기 용인시 수지구 상현동 1134,127.071136107425,37.2980951617498
185,수지구,상현동,분양,심곡마을 현대프레미오아파트,300,2001.02.12,"수지구 수지로 41 (상현동, 현대프레미오아파트)",경기 용인시 수지구 상현동 168-1,127.0734962379,37.3068607108703
186,수지구,상현동,분양,상현마을 쌍용1차아파트(A단지),421,2001.12.05,"수지구 상현로 27 (상현동, 상현마을쌍용2차스윗닷홈A단지아파트)",경기 용인시 수지구 상현동 824,127.076533924181,37.3034007906717
187,수지구,상현동,분양,상현마을 현대성우2차아파트,198,2001.12.26,"수지구 상현로11번길 26 (상현동, 상현마을현대성우2차아파트)",경기 용인시 수지구 상현동 825,127.07811049245,37.3042019528875
188,수지구,상현동,분양,상현마을 금호베스트빌1단지,573,2001.03.31,"수지구 상현로 59 (상현동, 금호베스트빌1차아파트)",경기 용인시 수지구 상현동 827,127.079072481359,37.3054508703928
189,수지구,상현동,분양,상현마을 쌍용2차아파트(B단지),315,2001.12.05,"수지구 상현로 30-6 (상현동, 상현마을쌍용2차스윗닷홈B단지아파트)",경기 용인시 수지구 상현동 828,127.077234515132,37.3018801976153
190,수지구,상현동,분양,상현마을 쌍용3차아파트(C단지),251,2001.12.05,"수지구 상현로 30-9 (상현동, 상현마을쌍용2차스윗닷홈C단지아파트)",경기 용인시 수지구 상현동 831,127.07874712941,37.3015146416015
191,수지구,상현동,분양,상현마을 금호베스트빌2단지,407,2001.03.31,"수지구 상현로 58 (상현동, 금호베스트빌2차아파트)",경기 용인시 수지구 상현동 832,127.080547389653,37.3027759618892
192,수지구,상현동,분양,상현마을 금호베스트빌3단지,159,2002.02.27,"수지구 상현로42번길 40 (상현동, 금호베스트빌3차아파트)",경기 용인시 수지구 상현동 837,127.082410810687,37.3027374662266
193,수지구,상현동,분양,상현마을 동일스위트,312,2001.12.31,"수지구 상현로42번길 46 (상현동, 상현마을동일스위트아파트)",경기 용인시 수지구 상현동 838,127.081922638701,37.3043997658393
194,수지구,상현동,분양,상현마을 금호 베스트빌4단지,224,2002.02.27,"수지구 상현로 67-12 (상현동, 금호베스트빌4차아파트)",경기 용인시 수지구 상현동 840,127.080576318648,37.3055751000214
195,수지구,상현동,분양,상현마을 수지센트럴아이파크,895,2006.08.28,"수지구 상현로 101 (상현동, 상현마을수지센트럴아이파크)",경기 용인시 수지구 상현동 842,127.083316064975,37.307620805959
196,수지구,상현동,분양,상현마을 성우5차아파트 ,310,2003.10.21(2003.05.30),"수지구 상현로 119-6 (상현동, 상현마을 현대성우5차아파트)",경기 용인시 수지구 상현동 843,127.083896631359,37.3095322121113
197,수지구,상현동,분양,상현마을 현대2차아파트,498,2001.12.21,"수지구 상현로 2 (상현동, 상현마을현대2차아이파크아파트)",경기 용인시 수지구 상현동 853,127.073033189992,37.3017233813448
198,수지구,상현동,분양,서원마을 현대홈타운아파트,462,2001.02.17,"수지구 포은대로 231 (상현동, 서원마을 현대홈타운아파트)",경기 용인시 수지구 상현동 85-6,127.080916308005,37.3092751497397
199,수지구,상현동,분양,서원마을 3단지 아이파크,438,2002.09.06,"수지구 포은대로 219  (상현동, 서원마을3단지아이파크아파트)",경기 용인시 수지구 상현동 860,127.080031399666,37.3079232977462
200,수지구,상현동,분양,상현마을 성원상떼빌아파트,968,2002.12.16,"수지구 상현로 30-10 (상현동, 상현마을성원상떼빌아파트)",경기 용인시 수지구 상현동 866,127.077000005339,37.3005381667832
201,수지구,상현동,분양,서원마을 금호베스트빌 5단지,890,2002.12.04,"수지구 심곡로 16 (상현동, 서원마을금호베스트빌5단지아파트)",경기 용인시 수지구 상현동 867,127.078577793587,37.3077681224143
202,수지구,상현동,분양,풍산아파트,438,1997.11.17,"수지구 수지로78번길 20 (상현동, 풍산아파트)",경기 용인시 수지구 상현동 96-1,127.079168951147,37.3099961684187
203,수지구,동천동 ,분양,동천마을 영풍아파트,149,2003.07.14,"수지구 신수로783번길 22 (동천동, 영풍아파트)",경기 용인시 수지구 동천동 911,127.100490429468,37.3408252075103
204,수지구,동천동 ,분양,원천마을 푸르지오아파트,190,2003.04.29,"수지구 고기로 3 (동천동, 대우아파트)",경기 용인시 수지구 동천동 910,127.10120807185,37.3423585091681
205,수지구,동천동 ,분양,수진마을 신명스카이뷰,262,2004.01.17,"수지구 손곡로 53 (동천동, 수진마을신명스카이뷰아파트)",경기 용인시 수지구 동천동 870,127.096216416728,37.335938417693
206,수지구,성복동,분양,버들치마을 성복 힐스테이트 2차,689,2010.06.06,"수지구 성복1로164번길 13 (성복동, 현대힐스테이트2차)",경기 용인시 수지구 성복동 759,127.064298835594,37.3183227202926
207,수지구,성복동,분양,버들치마을 성복자이1차,719,2010.06.03,"수지구 성복1로164번길 20 (성복동, 버들치마을성복자이1차아파트)",경기 용인시 수지구 성복동 758,127.064868055335,37.3176034747725
208,수지구,성복동,분양,버들치마을 경남아너스빌 2차,214,2010.03.31,"수지구 성복1로163번길 11 (성복동, 버들치마을경남아너스빌2차아파트)",경기 용인시 수지구 성복동 754,127.060977964558,37.3159552995459
209,수지구,성복동,분양,버들치마을 경남아너스빌 1차,816,2007.06.14,"수지구 성복1로 157 (성복동, 버들치마을경남아너스빌1차아파트)",경기 용인시 수지구 성복동 753,127.06274043236,37.3159379794128
210,수지구,성복동,분양,성동마을 수지자이아파트,680,2006.05.30,"수지구 성복2로 174 (성복동, 성동마을수지자이아파트)",경기 용인시 수지구 성복동 752,127.068981158302,37.3215024435241
211,수지구,성복동,분양,푸른마을 푸르지오아파트,430,2004.10.22,"수지구 성복2로76번길 31 (성복동, 푸른마을 푸르지오아파트)",경기 용인시 수지구 성복동 741,127.079716297203,37.315676733321
212,수지구,성복동,분양,성동마을 LG빌리지 6차,956,2003.03.26,"수지구 성복2로 158 (성복동, 성동마을엘지빌리지6차아파트)",경기 용인시 수지구 성복동 731,127.070840827626,37.3191315368797
213,수지구,성복동,분양,성동마을 LG빌리지3차,1234,2002.08.28,"수지구 성복2로 126 (성복동, 성동마을LG빌리지3차아파트)",경기 용인시 수지구 성복동 726,127.071894854674,37.318624249987
214,수지구,성복동,분양,성남마을 벽산첼시빌2,951,2002.10.31,"수지구 성복1로 107 (성복동, 성남마을벽산첼시빌2차아파트)",경기 용인시 수지구 성복동 723,127.065383727095,37.3147275407863
215,수지구,성복동,분양,수지제일아이조움,133,2012.07.19,수지구 심곡로 87 (성복동),경기 용인시 수지구 성복동 33-5,127.081757585198,37.3107245169077
216,수지구,성복동,분양,성동마을 LG빌리지1차,1164,2001.02.19,"수지구 성복2로 86 (성복동, 성동마을LG빌리지1차아파트)",경기 용인시 수지구 성복동 155,127.07528876261,37.31695333469
217,수지구,상현동,분양,만현마을 9단지 엘지자이아파트,1034,2003.06.27,"수지구 만현로133번길 33 (상현동, 만현마을9단지엘지자이아파트)",경기 용인시 수지구 상현동 869,127.090792931685,37.3047866854939
218,수지구,상현동,분양,만현마을 3단지 성원상떼빌,554,2002.08.30,"수지구 만현로67번길 19 (상현동, 만현마을성원상떼빌아파트)",경기 용인시 수지구 상현동 864,127.090404899185,37.3094874133331
219,수지구,상현동,분양,만현마을 8단지 두산위브,556,2002.08.26,"수지구 만현로 127 (상현동, 만현마을8단지두산위브아파트)",경기 용인시 수지구 상현동 861,127.087711863009,37.3045669037746
220,수지구,상현동,분양,만현마을 1단지 롯데캐슬아파트,992,2002.09.18,"수지구 만현로 25 (상현동, 만현마을롯데캐슬아파트)",경기 용인시 수지구 상현동 859,127.090073064781,37.3112178333858
221,수지구,상현동,분양,만현마을 5단지아이파크,528,2002.04.30,"수지구 만현로 79 (상현동, 만현마을5단지아이파크아파트)",경기 용인시 수지구 상현동 858,127.087125703137,37.3092963306289
222,수지구,상현동,분양,만현마을 10단지 아이파크,584,2002.07.18,"수지구 상현로 142 (상현동, 만현마을10단지아이파크아파트)",경기 용인시 수지구 상현동 857,127.085095301061,37.3107490147914
223,수지구,상현동,분양,만현마을 2단지아이파크,404,2002.04.30,수지구 만현로67번길 9  (상현동),경기 용인시 수지구 상현동 856,127.087881148897,37.3094917471565
224,수지구,상현동,분양,상현마을 현대성우3차아파트,336,2002.04.25,"수지구 상현로 88 (상현동, 상현마을 현대성우3차아파트)",경기 용인시 수지구 상현동 855,127.083431033245,37.3032525044105
225,수지구,상현동,분양,만현마을 쌍용3차,375,2001.09.28,"수지구 만현로 99 (상현동, 만현마을쌍용스윗닷홈3차아파트)",경기 용인시 수지구 상현동 852,127.088452119999,37.3068568752278
226,수지구,상현동,분양,상현마을 현대성우1차,470,2001.09.15,"수지구 상현로 100 (상현동, 상현마을현대성우1차아파트)",경기 용인시 수지구 상현동 851,127.084472410819,37.3045167299046
227,수지구,상현동,분양,만현마을 쌍용1차아파트,992,2001.06.19,"수지구 만현로 107 (상현동, 만현마을쌍용1차아파트)",경기 용인시 수지구 상현동 850,127.089890628688,37.3054138643226
228,수지구,상현동,분양,수지 성원아파트,1744,1997.12.20,"수지구 진산로 24 (상현동, 성원상떼빌아파트)",경기 용인시 수지구 상현동 30,127.092792577773,37.3141394988568
229,수지구,상현동,분양,만현마을 동보2차아파트,702,1998.05.09,"수지구 포은대로 298 (상현동, 만현마을동보2차아파트)",경기 용인시 수지구 상현동 1,127.086908225259,37.3134183637284
230,수지구,동천동 ,분양,동천마을 동문3차아파트,181,2001.11.07.,"수지구 동천로 93 (동천동, 동문3차아파트)",경기 용인시 수지구 동천동 858,127.093917526737,37.3384365703794
231,수지구,동천동 ,분양,동천마을 현대1차홈타운,466,2002.04.29.,"수지구 수지로 487 (동천동, 동천마을현대홈타운아파트)",경기 용인시 수지구 동천동 859,127.099557264529,37.3397104310019
232,수지구,동천동 ,분양,동천마을 현대2차홈타운,1128,2002.04.17,"수지구 동천로63번길 10 (동천동, 동천마을현대2차홈타운)",경기 용인시 수지구 동천동 862,127.097356569169,37.3384624431927
233,수지구,동천동 ,분양,수진마을 써니밸리아파트,627,2004.01.26,"수지구 손곡로 82 (동천동, 수진마을써니밸리아파트)",경기 용인시 수지구 동천동 864,127.093192422082,37.3373805953074
234,수지구,동천동 ,분양,수진마을 2단지(효성.현산),344,2004.01.10,"수지구 손곡로 54 (동천동, 수진마을아이파크효성화운트빌아파트)",경기 용인시 수지구 동천동 868,127.097066708688,37.3374437960249
235,수지구,동천동 ,분양,수진마을 우미이노스빌,396,2004.01.20,"수지구 손곡로 67 (동천동, 수진마을우미이노스빌아파트)",경기 용인시 수지구 동천동 869,127.094152879344,37.3358683557694
236,수지구,죽전동,분양,인현마을 현대홈타운(101-105),162,2004.09.16,"수지구 탄천상로 7 (죽전동, 인현마을힐스테이트7차아파트)",경기 용인시 수지구 죽전동 1151,127.11158129507,37.3316949444179
237,수지구,죽전동,분양,인현마을 현대홈타운(201-206),194,2004.09.16,"수지구 탄천상로 6 (죽전동, 인현마을힐스테이트7차아파트)",경기 용인시 수지구 죽전동 1152,127.112212186294,37.3323916559125
238,수지구,죽전동,분양,현인마을 이-편한세상1단지,206,2006.02.21,"수지구 탄천상로 29 (죽전동, 현인마을이편한세상아파트)",경기 용인시 수지구 죽전동 1153,127.110980687671,37.3342417333537
239,수지구,죽전동,분양,성현마을 반도유보라,637,2004.06.30,"수지구 죽전로193번길 35 (죽전동, 성현마을반도유보라아파트)",경기 용인시 수지구 죽전동 1235,127.122416691929,37.3276729273013
240,수지구,죽전동,분양,도담마을 우미이노스빌 죽전1차,418,2004.10.05,"수지구 푸른솔로 88 (죽전동, 도담마을 우미이노스빌)",경기 용인시 수지구 죽전동 1261,127.119892359954,37.3259169677641
241,수지구,죽전동,분양,도담마을 한양수자인,332,2004.12.01,"수지구 푸른솔로 76 (죽전동, 도담마을 한양수자인)",경기 용인시 수지구 죽전동 1262,127.118877403,37.3252293328574
242,수지구,죽전동,분양,꽃메마을 현대홈타운 (4차2단지),254,2004.06.29,"수지구 푸른솔로 56 (죽전동, 꽃메마을힐스테이트4차2단지아파트)",경기 용인시 수지구 죽전동 1269,127.116013136068,37.3247644499038
243,수지구,죽전동,분양,도담마을 푸르지오아파트(601-602동),111,2004.12.23,"수지구 푸른솔로 41 (죽전동, 대우푸르지오)",경기 용인시 수지구 죽전동 1275,127.114704784828,37.3238631612033
244,수지구,죽전동,분양,꽃메마을 금강아파트,120,2004.09.03,"수지구 죽전로27번길 14-33 (죽전동, 금강아파트)",경기 용인시 수지구 죽전동 1300,127.114982669198,37.3230461054362
245,수지구,죽전동,분양,꽃메마을 한라신영프로방스,388,2004.06.30,"수지구 죽전로27번길 14-30 (죽전동, 꽃메마을한라프로방스아파트)",경기 용인시 수지구 죽전동 1302,127.113706289114,37.3212463544349
246,수지구,죽전동,분양,꽃메마을 현대홈타운 (4차 4단지),342,2004.06.29,"수지구 푸른솔로 20 (죽전동, 꽃메마을현대홈타운4차4단지아파트)",경기 용인시 수지구 죽전동 1303,127.116015814547,37.3221032474705
247,수지구,죽전동,분양,꽃메마을 현대홈타운 (4차 3단지),770,2004.06.29,"수지구 죽전로 87 (죽전동, 꽃메마을현대홈타운4차3단지아파트)",경기 용인시 수지구 죽전동 1304,127.118073716176,37.3226931003233
248,수지구,죽전동,분양,꽃메마을 한라프로방스 Ⅱ,195,2004.06.30,"수지구 죽전로 111 (죽전동, 꽃메마을한라프로방스II아파트)",경기 용인시 수지구 죽전동 1306,127.119232659534,37.3237783132207
249,수지구,죽전동,분양,꽃메마을 아이파크,374,2004.07.30,"수지구 죽전로 121 (죽전동, 꽃메마을아이파크2차아파트)",경기 용인시 수지구 죽전동 1307,127.12030510085,37.3236619856559
250,수지구,상현동,분양,벽산블루밍아파트,631,1998.08.31,"수지구 수지로 68 (상현동, 벽산블루밍아파트)",경기 용인시 수지구 상현동 99,127.077999471009,37.3087591030814
251,수지구,죽전동,분양,꽃메마을 극동스타클래스,196,2004.06.30,"수지구 죽전로 116 (죽전동, 극동스타클래스아파트)",경기 용인시 수지구 죽전동 1311,127.121847765065,37.3229002059675
252,수지구,죽전동,분양,성현마을 우미이노스빌 (201-208동) 죽전2차,538,2004.12.20,"수지구 죽전로 143 (죽전동, 성현마을우미2차아파트)",경기 용인시 수지구 죽전동 1329,127.12396897438,37.3248994660764
253,수지구,죽전동,분양,성현마을 광명샤인빌 (401-403동) 죽전1차,192,2005.02.03,"수지구 디지털벨리로 5 (죽전동, 성현마을광명샤인빌)",경기 용인시 수지구 죽전동 1355,127.131856973928,37.3280362615077
254,수지구,죽전동,분양,현인마을 이-편한세상2단지,239,2006.02.21,"수지구 탄천상로 30 (죽전동, 현인마을이편한세상아파트)",경기 용인시 수지구 죽전동 1154,127.112388031093,37.3343901562391
255,수지구,죽전동,분양,새터마을 죽전힐스테이트,1998,2004.06.29,"수지구 현암로125번길 11 (죽전동, 새터마을죽전힐스테이트아파트)",경기 용인시 수지구 죽전동 1165,127.120082011998,37.3336370845464
256,수지구,죽전동,분양,내대지마을 건영캐스빌,1254,2004.11.25,"수지구 죽전로 267 (죽전동, 내대지마을건영캐스빌아파트)",경기 용인시 수지구 죽전동 1182,127.126066294742,37.334953392727
257,수지구,죽전동,분양,내대지마을 우미이노스빌(601동),59,2004.12.20,"수지구 현암로 134-1 (죽전동, 우미아노스빌6차)",경기 용인시 수지구 죽전동 1194,127.124518517436,37.3310999703532
258,수지구,죽전동,분양,새터마을 푸르지오아파트,79,2004.12.28,"수지구 현암로 126 (죽전동, 푸르지오)",경기 용인시 수지구 죽전동 1198,127.122868296116,37.3313793032887
259,수지구,죽전동,분양,새터마을 우미이노스빌(101동) 죽전3차,56,2004.12.20,"수지구 현암로 100-6 (죽전동, 우미이노스빌)",경기 용인시 수지구 죽전동 1211,127.119711325438,37.330929681145
260,수지구,죽전동,분양,새터마을 우미이노스빌 (201동) 죽전5차,59,2004.12.20,"수지구 현암로 100-12 (죽전동, 우미이노스빌)",경기 용인시 수지구 죽전동 1213,127.119740751959,37.330417144668
261,수지구,죽전동,분양,새터마을 모아미래도 (301-305동),252,2005.02.03,"수지구 대지로 127 (죽전동, 모아미래도)",경기 용인시 수지구 죽전동 1216,127.122530071092,37.3306508998433
262,수지구,죽전동,분양,내대지마을 푸르지오아파트,142,2004.10.29,"수지구 죽전로 235 (죽전동, 내대지마을대우푸르지오아파트)",경기 용인시 수지구 죽전동 1221,127.12692715598,37.3306564462459
263,수지구,죽전동,분양,내대지마을 정석베르데파크아파트,37,2006.12.22,"수지구 죽전로264번길 6 (죽전동, 내대지마을정석베르데파크)",경기 용인시 수지구 죽전동 1385,127.128820427383,37.3330408713584
264,수지구,죽전동,분양,내대지마을 진흥더블파크,160,2004.06.30,"수지구 죽전로254번길 29 (죽전동, 내대지마을 진흥더블파크)",경기 용인시 수지구 죽전동 1381,127.131607897612,37.3332427881518
265,수지구,죽전동,분양,내대지마을 광명샤인빌,91,2005.10.10,"수지구 죽전로254번길 39 (죽전동, 광명샤인빌)",경기 용인시 수지구 죽전동 1380,127.1325229679,37.3330831852983
266,수지구,죽전동,분양,내대지마을 힐스테이트,120,2004.06.30,"수지구 죽전로238번길 5 (죽전동, 내대지마을힐스테이트)",경기 용인시 수지구 죽전동 1373,127.128496353544,37.3311853698534
267,기흥구,중동 ,분양,신동백 서해그랑블 2차,817,2014.06.03.,기흥구 언동로217번길 31,경기 용인시 기흥구 중동 1139,127.147384127297,37.2793645553415
268,기흥구,신갈동,분양,기흥역 롯데캐슬스카이,625,2014.12.22.(2014.11.17.),기흥구 중부대로 375,경기 용인시 기흥구 신갈동 63,127.10785938159,37.2719908869697
269,기흥구,공세동,임대,한보라마을 휴먼시아 7단지,851,2006.11.24.,"기흥구 한보라2로 168  (공세동, 한보라마을휴먼시아7단지아파트)",경기 용인시 기흥구 공세동 674,127.108657093653,37.2441459576275
270,기흥구,농서동,임대,서천마을 휴먼시아 3단지(임대),980,2011.05.17.,"기흥구 서천서로 125  (농서동, 서천마을휴먼시아 3단지)",경기 용인시 기흥구 농서동 395,127.070235398311,37.2354638499494
271,기흥구,동백동,임대,백현마을 7단지 주공그린빌,561,2006.03.23.,"기흥구 동백8로 103  (동백동, 백현마을주공7단지아파트)",경기 용인시 기흥구 동백동 581,127.163846827571,37.2850106257459
272,기흥구,동백동,임대,백현마을 9단지 주공그린빌,981,2006.05.17.,"기흥구 동백8로131번길 20  (동백동, 백현마을주공9단지아파트)",경기 용인시 기흥구 동백동 584,127.16652141053,37.2833618682198
273,기흥구,동백동,임대,호수마을 3단지 주공뜨란채,898,2006.05.30.,"기흥구 동백8로 64  (동백동, 호수마을주공3단지아파트)",경기 용인시 기흥구 동백동 602,127.157374021271,37.283449259189
274,기흥구,보라동,임대,한보라마을 휴먼시아4단지,581,2006.10.18.,"기흥구 한보라1로43번길 23  (보라동, 한보라마을휴먼시아4단지아파트)",경기 용인시 기흥구 보라동 606,127.110761595554,37.2502657928233
275,기흥구,상하동,임대,강남마을 8단지 주공아파트,1176,2004.05.29.,"기흥구 강남동로 92  (상하동, 강남마을주공8단지아파트)",경기 용인시 기흥구 상하동 636,127.135340228322,37.2705240589733
276,기흥구,서천동,임대,서천마을 휴먼시아 2단지(임대),663,2011.06.14.,"기흥구 서천로128번길 12  (서천동, 서천마을휴먼시아 2단지)",경기 용인시 기흥구 서천동 743,127.071519027676,37.2373096857849
277,기흥구,신갈동,임대,녹원마을 새천년그린빌 3단지,693,2006.03.20.,"기흥구 새천년로16번길 16  (신갈동, 녹원마을새천년그린빌3단지아파트)",경기 용인시 기흥구 신갈동 707,127.109815597556,37.2892514676663
278,기흥구,영덕동,임대,흥덕마을 휴먼시아 3단지(임대),866,2009.09.02.,"기흥구 흥덕2로 80  (영덕동, 휴먼시아 흥덕마을3단지)",경기 용인시 기흥구 영덕동 1022,127.074640523095,37.274827017159
279,기흥구,영덕동,임대,흥덕마을 휴먼시아 4단지(임대),383,2009.06.29.,"기흥구 흥덕2로 46  (영덕동, 휴먼시아 흥덕마을4단지)",경기 용인시 기흥구 영덕동 1021,127.073986648061,37.2718039860621
280,기흥구,중동 ,분양,동백 광명샤인빌,138,2014.02.27.,기흥구 언동로 193-12,경기 용인시 기흥구 중동 1126,127.144222639336,37.2780839278685
281,기흥구,상갈동,분양,금화마을 주공그린빌4단지,742,2001.10.12.,"기흥구 금화로58번길 10 (상갈동, 금화마을주공4단지아파트)",경기 용인시 기흥구 상갈동 463,127.109518545757,37.2621614363767
282,기흥구,상갈동,분양,금화마을주공그린빌,40,2001.09.07.,"기흥구 금화로11번길 15 (상갈동, 금화마을주공2단지아파트)",경기 용인시 기흥구 상갈동 479,127.106018220451,37.2636331406042
283,기흥구,상갈동,분양,금화마을 주공그린빌 6단지,228,2001.09.07.,"기흥구 금화로11번길 9 (상갈동, 금화마을주공6단지아파트)",경기 용인시 기흥구 상갈동 480,127.105366375032,37.262168898647
284,기흥구,상갈동,분양,금화마을 주공그린빌3단지,1070,2001.10.08.,"기흥구 금화로11번길 10 (상갈동, 금화마을주공3단지아파트)",경기 용인시 기흥구 상갈동 481,127.107219332889,37.2624627769001
285,기흥구,상하동,분양,인정프린스아파트,367,1996.12.20.,"기흥구 중부대로 820 (상하동, 인정프린스아파트)",경기 용인시 기흥구 상하동 137,127.142764338538,37.2560378542011
286,기흥구,상하동,분양,용인 대우아파트,432,1997.05.09.,"기흥구 중부대로 735 (상하동, 대우아파트)",경기 용인시 기흥구 상하동 296,127.141098726133,37.2625014944037
287,기흥구,상하동,분양,풍림아파트,469,1998.11.14.,"기흥구 어정로 80 (상하동, 풍림아파트)",경기 용인시 기흥구 상하동 447,127.139674616347,37.273028241496
288,기흥구,상하동,분양,수원동마을 쌍용아파트,1342,2002.05.30.,"기흥구 중부대로788번길 20 (상하동, 수원동마을쌍용스윗닷홈아파트)",경기 용인시 기흥구 상하동 621,127.137111743469,37.2574356544871
289,기흥구,상하동,분양,강남마을 한라비발디,890,2004.05.25.,"기흥구 강남동로 128 (상하동, 강남마을한라비발디아파트)",경기 용인시 기흥구 상하동 630,127.137174942641,37.276432139191
290,기흥구,상하동,분양,수원동마을 쌍용스윗닷홈 2단지(201-207),465,2004.11.23.,"기흥구 중부대로788번길 15 (상하동, 수원동마을쌍용스윗닷홈2단지)",경기 용인시 기흥구 상하동 652,127.141252685109,37.2561440980568
291,기흥구,상하동,분양,갈천마을 신일유토빌아파트,510,2004.12.08.(2003.08.14).,"기흥구 어정로 62-7 (상하동, 신일유토빌아파트)",경기 용인시 기흥구 상하동 656,127.1395266513,37.2703803487072
292,기흥구,상하동,분양,지석마을 진흥더루벤스(1단지),200,2009.03.13(2008.12.31),"기흥구 중부대로746번길 20 (상하동, 지석마을진흥더루벤스1단지)",경기 용인시 기흥구 상하동 659,127.136781689486,37.2606192382548
293,기흥구,상하동,분양,지석마을 진흥더루벤스(2단지),851,2009.03.13(2008.12.31),"기흥구 중부대로746번길 21 (상하동, 지석마을진흥더루벤스2단지)",경기 용인시 기흥구 상하동 660,127.138070181087,37.2604849291054
294,기흥구,상하동,분양,지석마을 그대가 크레던스,554,2011.04.01(2010.10.01.),"기흥구 어정로 62-28 (상하동, 지석마을그대가크레던스)",경기 용인시 기흥구 상하동 675,127.13560201042,37.2678764117371
295,기흥구,서천동,분양,서그내마을 에스케이아파트,807,2002.05.20.,"기흥구 예현로 15 (서천동, 에스케이비우아파트)",경기 용인시 기흥구 서천동 700,127.073035775145,37.2444058449991
296,기흥구,영덕동,임대,흥덕마을 휴먼시아 1단지(임대),1254,2009.02.06.,"기흥구 흥덕1로79번길 7  (영덕동, 휴먼시아 흥덕마을1단지)",경기 용인시 기흥구 영덕동 980,127.070452620664,37.2749921312384
297,기흥구,중동 ,임대,초당마을 3단지 주공아파트,816,2006.04.27.,"기흥구 동백중앙로 41  (중동, 초당마을주공아파트)",경기 용인시 기흥구 중동 1041,127.162705131776,37.2599992429272
298,기흥구,보정동,분양,솔뫼마을 현대홈타운,382,2001.12.20.,"기흥구 이현로30번길 7 (보정동, 솔뫼마을현대홈타운)",경기 용인시 기흥구 보정동 1169,127.098150516867,37.3091076737644
299,기흥구,보정동,분양,연원마을 금호베스트빌,144,2002.06.21.,"기흥구 용구대로 2442-2 (보정동, 연원마을금호아파트)",경기 용인시 기흥구 보정동 1172,127.107898059205,37.3040596078159
300,기흥구,보정동,분양,연원마을 삼성명가타운아파트,424,2002.12.13.,"기흥구 용구대로 2460 (보정동, 연원마을삼성명가타운아파트)",경기 용인시 기흥구 보정동 1177,127.107305714974,37.3049734360163
301,기흥구,보정동,분양,죽전 극동 스타클래스 3차,36,2010.04.30.,"기흥구 죽현로80번길 38 (보정동, 죽전마을스타클래스3차)",경기 용인시 기흥구 보정동 1229,127.122211134809,37.3178617952077
302,기흥구,보정동,분양,죽전 힐스테이트 타운하우스,27,2009.12.24.,"기흥구 죽현로 59-27 (보정동, 죽전 힐스테이트 타운하우스)",경기 용인시 기흥구 보정동 1242,127.118968403708,37.3189703072535
303,기흥구,보정동,분양,죽현마을 엘지자이,238,2004.06.30.,"기흥구 보정로 88 (보정동, 죽현마을 엘지자이)",경기 용인시 기흥구 보정동 1258,127.116037269166,37.3175653531454
304,기흥구,보정동,분양,죽전 누리에뜰(주상복합),200,2005.12.30.,"기흥구 죽전로 20 (보정동, 죽전누리에뜰아파트)",경기 용인시 기흥구 보정동 1263,127.110385262396,37.3199965224732
305,기흥구,보정동,분양,죽현마을 아이파크,1466,2004.07.26,"기흥구 보정로 87 (보정동, 현대아이파크1차아파트)",경기 용인시 기흥구 보정동 1267,127.113298031222,37.3174411419798
306,기흥구,보정동,분양,죽현마을 동원로얄듀크,706,2006.04.27.,"기흥구 죽현로 12 (보정동, 죽현마을동원로얄듀크아파트)",경기 용인시 기흥구 보정동 1271,127.111225429388,37.3193086078075
307,기흥구,보정동,분양,신촌마을 현대포스홈타운 1단지,884,2004.09.30.,"기흥구 용구대로2518번길 15 (보정동, 신촌마을포스홈타운1단지아파트)",경기 용인시 기흥구 보정동 1282,127.109314850062,37.3129971148668
308,기흥구,보정동,분양,신촌마을 상록데시앙,230,2006.9.29.,"기흥구 보정로 26 (보정동, 신촌마을 상록데시앙)",경기 용인시 기흥구 보정동 1283,127.110651385835,37.3134429658859
309,기흥구,보정동,분양,죽전자이2차 아파트(주상복합),275,2005.12.30.,"기흥구 용구대로2469번길 20 (보정동, 자이아파트)",경기 용인시 기흥구 보정동 1291,127.106199114923,37.3084578364206
310,기흥구,보정동,분양,죽전 일성트루엘,64,2010.12.14.,"기흥구 용구대로2469번길 10 (보정동, 죽전 일성트루엘)",경기 용인시 기흥구 보정동 1293,127.106052881746,37.3075446784351
311,기흥구,보정동,분양,신촌마을 현대포스홈타운 2단지,423,2004.09.30.,"기흥구 신촌로47번길 11 (보정동, 신촌마을포스홈타운2단지아파트)",경기 용인시 기흥구 보정동 1298,127.108734928999,37.3086309651906
312,기흥구,보정동,분양,용인 죽전 비스하임 타운하우스,21,2010.09.28.,기흥구 신촌로73번길 10 (보정동),경기 용인시 기흥구 보정동 1305,127.1129806369,37.3075363753424
313,기흥구,보정동,분양,신촌마을 죽전스타클래스 타운하우스,36,2008.03.31.,"기흥구 신촌로 77 (보정동, 신촌마을 죽전스타클래스타운하우스)",경기 용인시 기흥구 보정동 1307,127.114274320198,37.3061763722275
314,기흥구,보정동,분양,용인보정 꿈에그린아파트,379,2012.10.30.,"기흥구 구교동로 17 (보정동, 용인보정꿈에그린아파트)",경기 용인시 기흥구 보정동 1393,127.10676885593,37.3067668017301
315,기흥구,보정동,분양,연원마을 성원A,691,2000.11.01.,"기흥구 연원로 49 (보정동, 연원마을성원상떼빌아파트)",경기 용인시 기흥구 보정동 694,127.110613570424,37.3032620270871
316,기흥구,상갈동,분양,넥스빌아파트,142,1997.06.26.,"기흥구 금화로108번길 21 (상갈동, 넥스빌아파트)",경기 용인시 기흥구 상갈동 102-3,127.106048735204,37.2680289342248
317,기흥구,상갈동,분양,금화마을 주공그린빌5단지,681,2001.10.16.,"기흥구 금화로82번길 17 (상갈동, 금화마을주공5단지아파트)",경기 용인시 기흥구 상갈동 454,127.111793032675,37.2661944455713
318,기흥구,상갈동,분양,금화마을 대우현대아파트,664,2001.06.20.,"기흥구 금화로82번길 14 (상갈동, 금화마을대우현대1단지아파트)",경기 용인시 기흥구 상갈동 461,127.110847444307,37.2647013177693
319,수지구,동천동 ,분양,동문그린아파트,227,1998. 11. 14.,"수지구 고기로45번길 58 (동천동, 동문그린아파트)",경기 용인시 수지구 동천동 400-1,127.092591109409,37.3394355971719
320,수지구,동천동 ,분양,행림마을 진로아파트,269,2000. 04. 11.,"수지구 고기로 11 (동천동, 행림마을진로아파트)",경기 용인시 수지구 동천동 177-12,127.099990525707,37.3425455170361
321,수지구,동천동 ,분양,수지 풍림2차아파트,271,1998.12.31.,"수지구 동천로 18 (동천동, 풍림아파트)",경기 용인시 수지구 동천동 176-1,127.099976006846,37.3416386427247
322,기흥구,영덕동,임대,흥덕마을 12단지 신동아파밀리에,759,2009.10.29.,"기흥구 흥덕3로 20  (영덕동, 흥덕마을신동아파밀리에아파트)",경기 용인시 기흥구 영덕동 1069,127.083835179275,37.2716435237123
323,기흥구,청덕동,임대,구성 물푸레마을 휴먼시아 9단지,948,2008.09.11.,"기흥구 구성로 392  (청덕동, 휴먼시아물푸레마을9단지아파트)",경기 용인시 기흥구 청덕동 569,127.154485418769,37.291712336195
324,기흥구,청덕동,임대,구성 물푸레마을 휴먼시아 1단지,618,2008.07.16.,"기흥구 구성2로 52  (청덕동, 휴먼시아물푸레마을1단지아파트)",경기 용인시 기흥구 청덕동 513,127.147262943559,37.2952364873062
325,기흥구,청덕동,임대,구성 물푸레마을 휴먼시아 2단지,389,2008.06.03.,"기흥구 구성3로 37  (청덕동, 휴먼시아물푸레마을2단지아파트)",경기 용인시 기흥구 청덕동 506,127.149523802711,37.295534418755
326,기흥구,청덕동,임대,구성 물푸레마을 휴먼시아 5단지,712,2008.06.03.,"기흥구 구성3로 38  (청덕동, 휴먼시아물푸레마을5단지아파트)",경기 용인시 기흥구 청덕동 503,127.151441268974,37.2955017961538
327,기흥구,서천동,분양,예현마을 현대홈타운,622,2002.11.21.,"기흥구 예현로35번길 21 (서천동, 예현마을현대홈타운아파트)",경기 용인시 기흥구 서천동 705,127.067368862997,37.2412105840823
328,기흥구,서천동,분양,서그내마을 서천아이파크,243,2009.09.30.,"기흥구 서그내로16번길 14 (서천동, 서그내마을 서천아이파크)",경기 용인시 기흥구 서천동 708,127.072374832462,37.2456694256064
329,기흥구,신갈동,분양,기흥 더샵 프라임뷰,612,2013.09.03.,기흥구 구갈로 71-18 (신갈동),경기 용인시 기흥구 신갈동 733,127.110737118808,37.2826672623871
330,기흥구,중동 ,분양,신동백서해그랑블1차아파트,236,2013.07.26.,"기흥구 동백죽전대로527번길 81 (중동, 서해그랑블 아파트)",경기 용인시 기흥구 중동 1102,127.146528557107,37.2804913755287
331,기흥구,중동 ,분양,어정마을 롯데캐슬에코 2단지,868,2013.06.20.,"기흥구 동백죽전대로527번길 67 (중동, 롯데캐슬)",경기 용인시 기흥구 중동 1101,127.147517403777,37.2845043642127
332,기흥구,중동 ,분양,어정마을 롯데캐슬에코 1단지,1902,2013.06.20.,"기흥구 동백죽전대로527번길 80 (중동, 롯데캐슬1단지)",경기 용인시 기흥구 중동 1096,127.143164923122,37.2844229383667
334,기흥구,하갈동,분양,"""청명호수마을 신안인스빌2단지
""",174,2009.06.08.,"기흥구 덕영대로 1883 (하갈동, 청명호수마을신안인스빌2단지아파트)",경기 용인시 기흥구 하갈동 632,127.091523656588,37.2555472029829
335,기흥구,하갈동,분양,청명호수마을 신안인스빌1단지,829,2009.06.08.,"기흥구 덕영대로 1871 (하갈동, 청명호수마을신안인스빌1단지아파트)",경기 용인시 기흥구 하갈동 631,127.089485497263,37.2536308000942
336,기흥구,청덕동,분양,물푸레마을 용인구성호반베르디움,308,2008.06.26.,"기흥구 구성로 411 (청덕동, 물푸레마을호반베르디움8단지아파트)",경기 용인시 기흥구 청덕동 567,127.153593788736,37.2929253913132
337,기흥구,청덕동,분양,구성 물푸레마을 휴먼시아 7단지,398,2009.07.27.,"기흥구 구성로 395 (청덕동, 휴먼시아물푸레마을7단지아파트)",경기 용인시 기흥구 청덕동 565,127.151617696712,37.2931593253879
338,기흥구,청덕동,분양,구성 물푸레마을 휴먼시아 6단지,367,2009.07.27.,"기흥구 구성로 475 (청덕동, 휴먼시아물푸레마을6단지아파트)",경기 용인시 기흥구 청덕동 499,127.153579691059,37.2954772356295
339,기흥구,청덕동,분양, 물푸레마을 4단지 경남아너스빌 ,240,2008.06.18.,"기흥구 구성로 470 (청덕동, 물푸레마을경남아너스빌아파트)",경기 용인시 기흥구 청덕동 497,127.15360146072,37.2970870890748
340,기흥구,청덕동,분양,구성 물푸레마을 휴먼시아 3단지,988,2008.10.07.,"기흥구 구성3로 65 (청덕동, 휴먼시아물푸레마을3단지아파트)",경기 용인시 기흥구 청덕동 488,127.149441951314,37.2998817515135
341,기흥구,청덕동,분양,청덕마을 광도와이드빌아파트,476,2003.08.08.,"기흥구 언동로71번길 64 (청덕동, 청덕마을광도와이드빌아파트)",경기 용인시 기흥구 청덕동 482,127.146048909546,37.2882117939463
342,기흥구,지곡동,분양,자봉마을 써니밸리아파트,1092,2004.11.05.,"기흥구 사은로 274-22 (지곡동, 자봉마을써니밸리아파트)",경기 용인시 기흥구 지곡동 704,127.134259561553,37.2507075009261
343,기흥구,중동 ,분양,어은목마을 대원칸타빌,432,2006.04.19.,"기흥구 동백2로 37 (중동, 어은목마을대원칸타빌아파트) ",경기 용인시 기흥구 중동 958,127.15709471939,37.2697295041552
344,기흥구,중동 ,분양,어은목마을 한라비발디,248,2006.02.27.,"기흥구 동백4로 72 (중동, 어은목마을한라비발디아파트)",경기 용인시 기흥구 중동 956,127.157433773015,37.2708819348205
345,기흥구,중동 ,분양,성산마을 카운티스,96,2006.10.26.,"기흥구 동백2로 108 (중동, 성산마을 카운티스)",경기 용인시 기흥구 중동 922,127.158377587825,37.2732053591979
346,기흥구,중동 ,분양,백현마을 상록롯데캐슬,295,2007.02.06.,"기흥구 동백5로 79 (중동, 백현마을롯데캐슬아파트)",경기 용인시 기흥구 중동 878,127.157372954143,37.277304266373
347,기흥구,언남동,분양,유원 휴 하임,149,2013.10.17.,기흥구 구성로 109 (언남동),경기 용인시 기흥구 언남동 243,127.122336827301,37.2937103166225
348,기흥구,영덕동,분양,흥덕마을8단지 한국아델리움아파트,474,2010.08.06.,"기흥구 흥덕2로118번길 25 (영덕동, 흥덕마을8단지아델리움아파트)",경기 용인시 기흥구 영덕동 961,127.077078008295,37.2782697708764
349,기흥구,중동 ,분양,성산마을 신영지웰,590,2006.08.31.,"기흥구 동백5로 41 (중동, 성산마을신영지웰아파트)",경기 용인시 기흥구 중동 870,127.154890510455,37.2759193992434
350,기흥구,중동 ,분양,성산마을 남광하우스토리,134,2007.11.16.(2007.10.19.),"기흥구 동백5로 62 (중동, 성산마을 남광하우스토리)",경기 용인시 기흥구 중동 869,127.155882132901,37.2742028786892
351,기흥구,중동 ,분양,성산마을 어울림 타운하우스,24,2008.10.13.,"기흥구 동백4로 27 (중동, 성산마을어울림타운하우스)",경기 용인시 기흥구 중동 865,127.153959532344,37.2727213820416
352,기흥구,중동 ,분양,성산마을 어울림 타운하우스,24,2008.10.13.,"기흥구 동백4로 53 (중동, 성산마을 어울림타운하우스)",경기 용인시 기흥구 중동 863,127.156375662051,37.2725764816249
353,기흥구,중동 ,분양,성산마을 서해그랑블,564,2006.04.27.,"기흥구 동백4로 26 (중동, 성산마을서해그랑블아파트)",경기 용인시 기흥구 중동 860,127.155462690092,37.2715113932588
354,기흥구,중동 ,분양,참솔마을 월드메르디앙,966,2006.02.28.,"기흥구 동백죽전대로 283 (중동, 참솔마을월드메르디앙) ",경기 용인시 기흥구 중동 819,127.153954452763,37.2633044322536
355,기흥구,중동 ,분양,어정마을 서희삼정아파트,390,2003.05.17.,"기흥구 언동로 193-26 (중동, 어정마을삼정그린뷰아파트)",경기 용인시 기흥구 중동 817,127.144622107595,37.2793066011735
356,기흥구,중동 ,분양,어은목마을 코아루아파트,533,2006.03.29.,"기흥구 동백2로 11 (중동, 어은목마을코아루아파트)",경기 용인시 기흥구 중동 1051,127.155014055896,37.2689745618693
357,기흥구,중동 ,분양,어은목마을 코아루아파트,592,2006.03.29.,"기흥구 동백2로 12 (중동, 어은목마을코아루아파트)",경기 용인시 기흥구 중동 1050,127.156651069468,37.2662456777001
358,기흥구,중동 ,분양,초당마을 코아루아파트,289,2006.03.29.,"기흥구 동백1로 9 (중동, 초당마을코아루아파트)",경기 용인시 기흥구 중동 1047,127.15759236242,37.2647476191309
359,기흥구,중동 ,분양,초당마을 코아루아파트,279,2006.03.29.,"기흥구 동백1로 12 (중동, 초당마을코아루아파트)",경기 용인시 기흥구 중동 1046,127.158908351542,37.2633050050851
360,기흥구,중동 ,분양,초당마을 현진에버빌,320,2006.02.27.,"기흥구 동백중앙로 73 (중동, 초당마을현진에버빌아파트)",경기 용인시 기흥구 중동 1045,127.159855265494,37.2625313576857
361,기흥구,서천동,분양,서천마을 1단지,826,2012.12.17.,"기흥구 서천서로 27 (서천동, 서천마을 1단지)",경기 용인시 기흥구 서천동 736,127.071314487412,37.2400643062814
362,기흥구,서천동,분양,서천마을 4단지,556,2012.12.17.,"기흥구 서천동로 60 (서천동, 서천마을4단지)",경기 용인시 기흥구 서천동 823,127.075095831711,37.2355510623789
363,기흥구,영덕동,분양,흥덕마을 5단지 호반베르디움,527,2009.11.05.,"기흥구 흥덕1로79번길 37 (영덕동, 흥덕마을5단지호반베르디움아파트)",경기 용인시 기흥구 영덕동 976,127.070593415212,37.277975571288
364,기흥구,영덕동,분양,흥덕마을 자연앤스위첸,502,2009.08.13.,"기흥구 흥덕2로117번길 14 (영덕동, 흥덕마을6단지자연앤스위첸아파트)",경기 용인시 기흥구 영덕동 971,127.072420377421,37.2790005717998
365,기흥구,영덕동,분양,흥덕마을 힐스테이트,570,2010.08.19.,"기흥구 흥덕2로 126 (영덕동, 흥덕마을7단지흥덕힐스테이트아파트)",경기 용인시 기흥구 영덕동 969,127.074465492066,37.2790215586696
366,기흥구,영덕동,분양,흥덕마을 이던하우스,486,2009.05.14.,"기흥구 흥덕2로118번길 26 (영덕동, 흥덕마을9단지이던하우스아파트)",경기 용인시 기흥구 영덕동 963,127.077404490044,37.2773277008991
367,기흥구,중동 ,분양,백현마을 동일하이빌,743,2006.03.21.,"기흥구 동백중앙로 312 (중동, 백현마을 동일하이빌)",경기 용인시 기흥구 중동 874,127.158221445654,37.2795698792809
368,기흥구,영덕동,분양,흥덕마을동원로얄듀크,720,2010.07.29.,"기흥구 흥덕중앙로105번길 24 (영덕동, 흥덕마을10단지동원로얄듀크아파트)",경기 용인시 기흥구 영덕동 958,127.079611445893,37.2776395288418
369,기흥구,신갈동,분양,녹원마을 새천년그린빌 5단지,915,2004.08.23.,"기흥구 기흥로116번길 60 (신갈동, 녹원마을새천년그린빌5단지아파트)",경기 용인시 기흥구 신갈동 697,127.120479194225,37.2875362402249
370,기흥구,신갈동,분양,산양마을 푸르지오아파트,346,2004.07.30.,"기흥구 기흥로116번길 77 (신갈동, 산양마을푸르지오아파트)",경기 용인시 기흥구 신갈동 691,127.11808557837,37.2895213862579
371,기흥구,신갈동,분양,신갈 정문아파트,85,1997.10.24.,"기흥구 신갈로124번길 27-2 (신갈동, 정문아파트)",경기 용인시 기흥구 신갈동 6-9,127.109228017643,37.2779947937668
372,기흥구,신갈동,분양,녹원마을 새천년 그린빌 2단지아파트,238,2004.06.17.,"기흥구 새천년로 27 (신갈동, 녹원마을새천년그린빌2단지아파트)",경기 용인시 기흥구 신갈동 682,127.111738001307,37.290213058126
373,기흥구,신갈동,분양,녹원마을 새천년 그린빌 1단지,414,2006.03.15.,"기흥구 새천년로 13 (신갈동, 녹원마을새천년그린빌1단지아파트)",경기 용인시 기흥구 신갈동 681,127.110620709808,37.289575361912
374,기흥구,신갈동,분양,둥지아파트,64,1996.04.17.,"기흥구 상미로49번길 20 (신갈동, 둥지아파트)",경기 용인시 기흥구 신갈동 435-42,127.098852127242,37.2735750308755
375,기흥구,신갈동,분양,동오아파트,99,1989.01.11.,"기흥구 용구대로2152번길 18 (신갈동, 동오연립)",경기 용인시 기흥구 신갈동 2-1,127.107689647828,37.2792389169177
376,기흥구,신갈동,분양,원대마을 신갈한신아파트,367,2002.08.31.,"기흥구 신갈로 102 (신갈동, 원대마을한신아파트)",경기 용인시 기흥구 신갈동 17-15,127.106774058122,37.276052048159
377,기흥구,신갈동,분양,새릉골마을 풍림아파트,340,2001.03.17.,"기흥구 기흥로116번길 7 (신갈동, 새릉골풍림아파트)",경기 용인시 기흥구 신갈동 166,127.111313524212,37.2871558759002
378,기흥구,신갈동,분양,도현마을 현대아파트,568,2001.05.25.,"기흥구 구갈로 115-16 (신갈동, 도현마을아이파크아파트)",경기 용인시 기흥구 신갈동 165,127.10902679406,37.2855318102771
379,기흥구,신갈동,분양,고현마을 고려에센스빌,72,2003.07.31.,"기흥구 용구대로2152번길 7 (신갈동, 고현마을고려에센스빌)",경기 용인시 기흥구 신갈동 160,127.107109283408,37.2797982680839
380,기흥구,신갈동,분양,갈현마을 현대홈타운,584,2001.06.21.,"기흥구 관곡로 16 (신갈동, 갈현마을현대홈타운아파트)",경기 용인시 기흥구 신갈동 159,127.106551123415,37.2811569983481
381,기흥구,신갈동,분양,양현마을 풍림 신안아파트,776,2001.05.23.,"기흥구 산양로 17 (신갈동, 양현마을풍림신안아파트)",경기 용인시 기흥구 신갈동 158,127.106446862302,37.2848705435733
382,기흥구,신갈동,분양,인성마을 신갈현대아파트,293,1997.06.04.,"기흥구 용구대로 2242 (신갈동, 인성마을현대아파트)",경기 용인시 기흥구 신갈동 151-1,127.108090705262,37.2866334673516
383,기흥구,신갈동,분양,신미주아파트,247,1995.02.24.,"기흥구 신갈로138번길 12 (신갈동, 신미주아파트)",경기 용인시 기흥구 신갈동 14-4,127.107329969039,37.2786181570696
384,기흥구,신갈동,분양,삼익아파트,296,1999.02.20.,"기흥구 신갈로124번길 3 (신갈동, 삼익아파트)",경기 용인시 기흥구 신갈동 14,127.106075977986,37.2783666358939
385,기흥구,신갈동,분양,드림랜드아파트,299,1992.08.05.,"기흥구 용구대로2152번길 39 (신갈동, 드림랜드아파트)",경기 용인시 기흥구 신갈동 116-2,127.109843406507,37.2802198818253
386,기흥구,신갈동,분양,도무스빌,46,2011.11.30,"기흥구 신갈로138번길 11 (신갈동, 도무스빌)",경기 용인시 기흥구 신갈동 1-10,127.107108780437,37.2791250119071
387,기흥구,신갈동,분양,녹원마을 새천년그린빌 4단지,923,2004.07.16.,"기흥구 새천년로 40 (신갈동, 녹원마을새천년그린빌4단지아파트)",경기 용인시 기흥구 신갈동 703,127.114198561785,37.2882245520391
388,기흥구,언남동,분양,스파 팰리스 리가,533,2013.02.07(2012.07.02),"기흥구 언남로 5 (언남동, 스파팰리스리가)",경기 용인시 기흥구 언남동 503,127.123979272219,37.2929722800738
389,기흥구,영덕동,분양,우남퍼스트빌 리젠트,153,2009.04.24.,"기흥구 흥덕중앙로105번길 40 (영덕동, 흥덕마을15단지흥덕우남퍼스트빌리젠트아파)",경기 용인시 기흥구 영덕동 953,127.082183227258,37.2808919659532
390,기흥구,영덕동,분양,흥덕마을 11단지 경남아너스빌,545,2009.04.28.,"기흥구 흥덕중앙로105번길 41 (영덕동, 흥덕마을11단지경남아너스빌아파트)",경기 용인시 기흥구 영덕동 952,127.076604054775,37.2810160867146
391,기흥구,영덕동,분양,청현마을 기흥데시앙아파트,400,2005.01.11.(2004.09.04.),"기흥구 덕영대로2077번길 53 (영덕동, 청현마을태영데시앙아파트)",경기 용인시 기흥구 영덕동 947,127.093546638446,37.2651606454878
392,기흥구,영덕동,분양,청현마을 대명레이크빌아파트,401,2005.01.07.(2004.07.01.),"기흥구 덕영대로2077번길 55 (영덕동, 청현마을대명레이크빌아파트)",경기 용인시 기흥구 영덕동 946,127.092212720784,37.2653390169452
393,기흥구,영덕동,분양,영통빌리지,472,1999.11.06.,"기흥구 중부대로55번길 11 (영덕동, 주공영통빌리지)",경기 용인시 기흥구 영덕동 916,127.076022823788,37.2681737532139
394,기흥구,영덕동,분양,영덕 신일 1차아파트,662,1998.12.12.,"기흥구 덕영대로2077번길 20 (영덕동, 청현마을신일아파트)",경기 용인시 기흥구 영덕동 15,127.096287742686,37.2675557588544
395,기흥구,영덕동,분양,영덕 신일 2차아파트,239,1998.12.12.,"기흥구 덕영대로2077번길 20 (영덕동, 청현마을신일아파트)",경기 용인시 기흥구 영덕동 15,127.096287742686,37.2675557588544
396,기흥구,영덕동,분양,청현마을 신갈 두진아파트,541,1996.11.08.,"기흥구 덕영대로2077번길 8 (영덕동, 두진아파트)",경기 용인시 기흥구 영덕동 13,127.095855224609,37.2690334569471
397,기흥구,영덕동,분양,흥덕마을 13단지 경남아너스빌,368,2009.06.19.,"기흥구 흥덕4로30번길 11 (영덕동, 흥덕마을13단지경남아너스빌아파트)",경기 용인시 기흥구 영덕동 1117,127.091599921079,37.2762630808747
398,기흥구,영덕동,분양,흥덕마을14단지 호반베르디움,236,2010.02.05.,"기흥구 흥덕3로 60 (영덕동, 흥덕마을14단지호반베르디움아파트)",경기 용인시 기흥구 영덕동 1079,127.082868553444,37.2736601925162
399,기흥구,언남동,분양,캐슬타운,40,2012.06.19.,기흥구 언남로29번서길 1 (언남동),경기 용인시 기흥구 언남동 501,127.128729416982,37.2956915844557
400,기흥구,언남동,분양,초원마을 성원상떼빌,860,2005.05.18.,"기흥구 기흥로116번길 100 (언남동, 초원마을성원상떼빌아파트)",경기 용인시 기흥구 언남동 500,127.125693279745,37.2893754230178
401,기흥구,언남동,분양,하마비마을 동일하이빌2차아파트,837,2002.08.01.,"기흥구 언남로 15 (언남동, 동일하이빌2차아파트)",경기 용인시 기흥구 언남동 496,127.127511504781,37.2939727333271
402,기흥구,언남동,분양,장미마을 삼성래미안 2차 아파트,1219,2003.12.17.,"기흥구 구성로 90 (언남동, 삼성래미안2차아파트)",경기 용인시 기흥구 언남동 495,127.119390375907,37.293235775676
403,기흥구,언남동,분양,하마비마을 동부센트레빌,418,2002.01.31.,"기흥구 구성로 99 (언남동, 하마비마을동부센트레빌아파트)",경기 용인시 기흥구 언남동 493,127.12086827806,37.2948833537084
404,기흥구,언남동,분양,언동마을 신일해피트리,591,2001.12.12.,"기흥구 구성로 184 (언남동, 푸른솔신일아파트)",경기 용인시 기흥구 언남동 490,127.131377562635,37.2903093930033
405,기흥구,언남동,분양,하마비마을 동일하이빌1차,999,2001.09.21.,"기흥구 구성로 105-15 (언남동, 동일하이빌1차아파트)",경기 용인시 기흥구 언남동 486,127.12536179435,37.2947865035939
406,기흥구,언남동,분양,동부아파트,446,1998.12.03.,"기흥구 구성로 123 (언남동, 하마비마을동부아파트)",경기 용인시 기흥구 언남동 240-1,127.121929368991,37.293370775761
407,기흥구,중동 ,분양,어정마을 동백아이파크,313,2007.03.22.,"기흥구 언동로217번길 11 (중동, 어정마을동백아이파크아파트)",경기 용인시 기흥구 중동 1081,127.144735602602,37.2771000876953
408,기흥구,보라동,분양,한보라마을 휴먼시아6단지,762,2008.04.17.,"기흥구 한보라1로 91 (보라동, 한보라마을휴먼시아6단지아파트)",경기 용인시 기흥구 보라동 620,127.106282330996,37.2479667393955
409,기흥구,마북동,분양,교동마을 신창아파트,490,1996.12.23.,"기흥구 마북로 186 (마북동, 교동마을신창아파트)",경기 용인시 기흥구 마북동 143,127.126780680363,37.3054590259479
410,기흥구,동백동,분양,해든마을 동백동문굿모닝힐,512,2007.11.30.,"기흥구 동백죽전대로 455-10 (동백동, 해든마을동문굿모닝힐아파트)",경기 용인시 기흥구 동백동 689,127.151431633723,37.2797770784079
411,기흥구,동백동,분양,동원마을 동원로얄듀크,477,2007.07.31.,"기흥구 동백죽전대로 455-17 (동백동, 동원로얄듀크아파트)",경기 용인시 기흥구 동백동 683,127.148411081312,37.279797933497
412,기흥구,동백동,분양,백현마을 한라비발디(2단지),304,2006.02.27.,"기흥구 동백7로 96 (동백동, 백현마을한라비발디아파트)",경기 용인시 기흥구 동백동 662,127.160794549979,37.2802869728537
413,기흥구,동백동,분양,백현마을 코아루아파트,414,2006.03.29.,"기흥구 동백7로 80 (동백동, 백현마을코아루아파트)",경기 용인시 기흥구 동백동 661,127.159261891494,37.2814522857064
414,기흥구,동백동,분양,호수마을 서해그랑블,536,2006.04.20.,"기흥구 동백7로 56 (동백동, 호수마을서해그랑블아파트)",경기 용인시 기흥구 동백동 656,127.157828383583,37.2817373119883
415,기흥구,동백동,분양,호수마을 동보노빌리티,481,2006.02.27.,"기흥구 동백평촌로 39 (동백동, 호수마을동보노빌리티아파트)",경기 용인시 기흥구 동백동 654,127.154961672508,37.2817568676234
416,기흥구,동백동,분양,호수마을상록롯데캐슬,552,2007.02.06.,"기흥구 동백평촌로 70 (동백동, 호수마을상록롯데캐슬아파트)",경기 용인시 기흥구 동백동 653,127.155734867915,37.2793964829638
417,기흥구,동백동,분양,호수마을 계룡리슈빌,567,2006.03.02.,"기흥구 동백평촌로 15 (동백동, 호수마을계룡리슈빌아파트)",경기 용인시 기흥구 동백동 604,127.155420952554,37.2848275447757
418,기흥구,동백동,분양,백현마을 모아미래도,838,2006.02.27.,"기흥구 동백8로 90 (동백동, 백현마을모아미래도아파트)",경기 용인시 기흥구 동백동 599,127.160111317632,37.2842166067514
419,기흥구,동백동,분양,백현마을 한라비발디(1단지),342,2006.02.27.,"기흥구 동백7로 97 (동백동, 백현마을한라비발디아파트) ",경기 용인시 기흥구 동백동 596,127.16134915975,37.2810529120118
420,기흥구,동백동,분양,백현마을 모아미래도(2단지),336,2006.02.27.,"기흥구 동백8로 126 (동백동, 백현마을모아미래도아파트)",경기 용인시 기흥구 동백동 593,127.164066243807,37.2822444950203
421,기흥구,동백동,분양,백현마을 휴먼시아 8단지,600,2006.11.06.,"기흥구 동백8로131번길 9 (동백동, 백현마을휴먼시아아파트)",경기 용인시 기흥구 동백동 583,127.164442515197,37.2828580305422
422,기흥구,동백동,분양,백현마을 서해그랑블,482,2006.04.20.,"기흥구 동백8로 89 (동백동, 백현마을서해그랑블아파트)",경기 용인시 기흥구 동백동 579,127.161230518699,37.2853796792812
423,기흥구,동백동,분양,호수마을 휴먼시아 5단지,488,2006.11.06.,"기흥구 동백8로 27 (동백동, 호수마을어울림아파트)",경기 용인시 기흥구 동백동 575,127.154248576494,37.2861827077025
424,기흥구,마북동,분양,교동마을 정광아파트,478,1997.11.03.,"기흥구 마북로154번길 16 (마북동, 교동마을정광아파트)",경기 용인시 기흥구 마북동 204-5,127.125738100181,37.3024827565463
425,기흥구,마북동,분양,구성 우림아파트,362,1998.01.14.,"기흥구 구성로39번길 13 (마북동, 우림필유아파트)",경기 용인시 기흥구 마북동 352,127.113073665203,37.2964400293286
426,처인구,백암면 근창리,분양,동은아파트,50,1994.04.02,처인구 백암면 근창로35번길 8 (동은아파트),경기 용인시 처인구 백암면 근창리 28-1,127.371758904582,37.1631259385848
427,처인구,백암면 근창리,분양,덕현빌라,27,1986.01.29,처인구 백암면 근창로 38-6 (덕현빌라),경기 용인시 처인구 백암면 근창리 16-1,127.370323204456,37.1638614574445
428,처인구,백암면 근창리,분양,강림아파트,58,1990.12.31,처인구 백암면 근창로 38-9 (강림아파트),경기 용인시 처인구 백암면 근창리 11-4,127.369782972305,37.1637369970556
429,처인구,포곡읍 전대리,분양,녹십자아파트,30,1990.12.12,처인구 포곡읍 전대로 68 (녹십자아파트),경기 용인시 처인구 포곡읍 전대리 196-6,127.21870915395,37.2845717393898
430,처인구,포곡읍 전대리,분양,조양아파트,88,1995.06.07,처인구 포곡읍 전성로 10 (조양아파트),경기 용인시 처인구 포곡읍 전대리 368,127.216323950471,37.2848178706962
431,처인구,김량장동,임대,김량장 주공아파트,495,19981025,"처인구 중부대로1388번길 6-14  (김량장동, 김량주공2단지아파트)",경기 용인시 처인구 김량장동 502-1,127.196040016323,37.2336070084302
432,처인구,마평동,임대,마평 주공아파트,639,2004.09.24,"처인구 고림로 22  (마평동, 마평주공아파트)",경기 용인시 처인구 마평동 956,127.214477191055,37.2357245863147
433,기흥구,고매동,분양,동성아파트,216,1997.01.09.,"기흥구 고매로 26 (고매동, 동성아파트)",경기 용인시 기흥구 고매동 359,127.11218674511,37.2311643641017
434,기흥구,고매동,분양,세원아파트,320,1993.05.01.,"기흥구 공세로 76 (고매동, 세원아파트)",경기 용인시 기흥구 고매동 385-1,127.109696063763,37.2314220538897
435,기흥구,고매동,분양,매화마을 우남드림밸리아파트,168,2002.09.12.,"기흥구 고매로34번길 10 (고매동, 매화마을우남퍼스트빌아파트)",경기 용인시 기흥구 고매동 877,127.112152113636,37.2299223038764
436,기흥구,고매동,분양,매화마을 우림홀인원아파트,299,2003.10.04.,"기흥구 고매로34번길 31 (고매동, 매화마을우림홀인원아파트)",경기 용인시 기흥구 고매동 880,127.115036410943,37.228669875383
437,기흥구,고매동,분양,기흥 써니밸리 아파트,171,2009.12.31.,"기흥구 고매로 16 (고매동, 기흥써니벨리아파트)",경기 용인시 기흥구 고매동 883,127.110957845049,37.2312068798664
438,기흥구,보정동,분양,행원마을 동아솔레시티아파트,1701,2003.03.05(2001.08.11),"기흥구 보정로 30 (보정동, 동아솔레시티아파트) ",경기 용인시 기흥구 보정동 1162,127.112270035886,37.31037251816
439,기흥구,보라동,분양,한보라마을 화성파크드림,311,2007.07.27.,"기흥구 한보라2로 93 (보라동, 한보라마을화성파크드림아파트)",경기 용인시 기흥구 보라동 633,127.111792281652,37.2484467878653
440,기흥구,보라동,분양,한보라마을 2단지 일성트루엘,88,2008.11.19.,"기흥구 한보라1로21번길 58 (보라동, 한보라마을2단지일성트루엘아파트)",경기 용인시 기흥구 보라동 629,127.114017671547,37.2495645735409
441,기흥구,동백동,분양,호수마을 월드메르디앙,286,2006.06.23.,"기흥구 동백8로 19 (동백동, 호수마을월드메르디앙아파트)",경기 용인시 기흥구 동백동 574,127.153519576544,37.2873730253561
442,기흥구,동백동,분양,호수마을 자연앤데시앙,432,2006.08.18.,"기흥구 동백8로 9 (동백동, 호수마을자연&데시앙아파트)",경기 용인시 기흥구 동백동 572,127.151565178041,37.2860935473459
443,기흥구,구갈동,분양,강남마을 계룡리슈빌,528,2004.06.25.,"기흥구 강남동로 54 (구갈동, 강남마을7단지계룡리슈빌아파트)",경기 용인시 기흥구 구갈동 604,127.133476351771,37.2690085523411
444,기흥구,구갈동,분양,풍림아파트,205,1994.04.29.,"기흥구 구갈로28번길 12 (구갈동, 풍림아파트)",경기 용인시 기흥구 구갈동 385,127.113253415706,37.2771589010071
445,기흥구,구갈동,분양,신명아파트,60,1993.05.17.,"기흥구 구갈로28번길 34 (구갈동, 신명아파트)",경기 용인시 기흥구 구갈동 384-2,127.115309618793,37.2770089652762
446,기흥구,구갈동,분양,구갈 동부아파트,200,1992.12.01.,"기흥구 구갈로28번길 32 (구갈동, 동부아파트)",경기 용인시 기흥구 구갈동 384-1,127.115250598054,37.2764585775749
447,기흥구,구갈동,분양,구갈 한성1차아파트,570,1992.11.18.,"기흥구 기흥로 29 (구갈동, 한성1차아파트)",경기 용인시 기흥구 구갈동 380,127.114302620407,37.2791830690322
448,기흥구,구갈동,분양,가현마을 신안아파트,364,2001.12.17.,"기흥구 관곡로 53 (구갈동, 가현마을 신안아파트)",경기 용인시 기흥구 구갈동 344,127.11230303614,37.2835576353296
449,기흥구,구갈동,분양,우성에비뉴,96,2007.09.21.,"기흥구 기흥로38번길 53 (구갈동, 우성에비뉴)",경기 용인시 기흥구 구갈동 277,127.119158102775,37.276819359676
450,기흥구,구갈동,분양,안골마을 롯데캐슬,99,2005.04.28.,"기흥구 기흥로38번길 54 (구갈동, 안골마을롯데캐슬아파트)",경기 용인시 기흥구 구갈동 276,127.11837865721,37.2765495594487
451,기흥구,구갈동,분양,세종그랑시아 2차,194,1999.11.08.,"기흥구 기흥로38번길 34 (구갈동, 세종그랑시아2차아파트)",경기 용인시 기흥구 구갈동 273,127.118005460906,37.2783686804919
452,기흥구,구갈동,분양,세종그랑시아 1차,120,1999.10.30.,"기흥구 기흥로38번길 11 (구갈동, 세종그랑시아1차아파트)",경기 용인시 기흥구 구갈동 270,127.116777661088,37.2797636257515
453,기흥구,공세동,분양,탑실마을 대주피오레 2단지,1290,2009.07.31.,"기흥구 탑실로 152 (공세동, 탑실마을대주피오레2단지아파트)",경기 용인시 기흥구 공세동 714,127.120931223097,37.2438517617465
454,기흥구,공세동,분양,탑실마을 대주피오레1단지,710,2009.05.26.,"기흥구 탑실로 15 (공세동, 탑실마을대주피오레1단지아파트)",경기 용인시 기흥구 공세동 694,127.107802867191,37.2390627712733
455,기흥구,공세동,분양,공세 호수마을 상떼레이크뷰,345,2010.01.22.,"기흥구 동탄기흥로 864 (공세동, 공세성원상떼레이크뷰)",경기 용인시 기흥구 공세동 692,127.102908340046,37.235891750118
456,기흥구,공세동,분양,한보라마을 휴먼시아 9단지,600,2006.10.13.,"기흥구 한보라2로 167 (공세동, 한보라마을휴먼시아9단지아파트)",경기 용인시 기흥구 공세동 679,127.10791769234,37.2423725664651
457,기흥구,공세동,분양,용인 파크드림 프라브,261,2009.11.30.,"기흥구 한보라2로 141 (공세동, 화성파크드림프라브아파트)",경기 용인시 기흥구 공세동 676,127.110289325998,37.2457079413222
458,기흥구,공세동,분양,불곡마을 벽산블루밍아파트,390,2005.07.22.(2005.05.31.),"기흥구 고매로43번길 32-2 (공세동, 불곡마을벽산블루밍아파트) ",경기 용인시 기흥구 공세동 663,127.11754493797,37.232501816743
459,기흥구,구갈동,분양,구갈 한성2차아파트,384,1993.07.05.,"기흥구 구갈로 16 (구갈동, 한성2차아파트)",경기 용인시 기흥구 구갈동 385-1,127.112547023281,37.2764905526883
460,기흥구,구갈동,분양,신동아,48,1986.11.11.,"기흥구 신구로 80 (구갈동, 신동아APT)",경기 용인시 기흥구 구갈동 390-8,127.109999838272,37.2792358016228
461,기흥구,구갈동,분양,강남마을 자연앤(6단지),437,2004.08.05.,"기흥구 강남동로 42 (구갈동, 강남마을6단지자연&아이원아파트)",경기 용인시 기흥구 구갈동 603,127.129897999787,37.2689447743636
462,기흥구,구갈동,분양,강남마을 자연앤(4단지),344,2004.08.07.,"기흥구 강남동로 43 (구갈동, 강남마을4단지써미트빌아파트)",경기 용인시 기흥구 구갈동 600,127.132763854106,37.2703792957009
463,기흥구,구갈동,분양,강남마을 코오롱하늘채아파트,530,2004.09.24.,"기흥구 강남동로 20 (구갈동, 강남마을코오롱하늘채아파트)",경기 용인시 기흥구 구갈동 597,127.127939220502,37.269755501324
464,기흥구,구갈동,분양,강남마을 3단지 주공아파트,138,2004.11.30.,"기흥구 강남서로 52 (구갈동, 강남마을3단지주공아파트) ",경기 용인시 기흥구 구갈동 574,127.129134465383,37.2749956450224
465,기흥구,구갈동,분양,강남마을 한라비발디 아델70,70,2005.05.27.,"기흥구 강남서로 86 (구갈동, 강남마을한라비발디아델70아파트)",경기 용인시 기흥구 구갈동 544,127.131088739844,37.2787338024996
466,기흥구,구갈동,분양,강남마을 코오롱 하늘채 수 아파트,70,2004.10.29.,"기흥구 강남서로 94 (구갈동, 강남마을1단지코오롱하늘채수)",경기 용인시 기흥구 구갈동 543,127.129491921189,37.2793585385456
467,기흥구,구갈동,분양,기흥글로리시장아파트,44,1996.08.10.,"기흥구 신구로42번길 10 (구갈동, 영광아파트)",경기 용인시 기흥구 구갈동 409,127.110506887464,37.275747404838
468,기흥구,구갈동,분양,구갈 풍림아파트,180,1996.07.27.,"기흥구 신구로42번길 22 (구갈동, 풍림아파트)",경기 용인시 기흥구 구갈동 405-1,127.111739623189,37.275674254595
469,기흥구,구갈동,분양,우림아파트,150,1996.04.29.,"기흥구 신구로42번길 15 (구갈동, 우림아파트)",경기 용인시 기흥구 구갈동 404-2,127.111264173511,37.2763076829334
470,기흥구,구갈동,분양,신동아빌라,21,1986.11.11.,"기흥구 신구로64번길 8 (구갈동, 신동아빌라)",경기 용인시 기흥구 구갈동 401,127.110541649927,37.2775444962468
471,기흥구,구갈동,분양,라신빌라,51,1985.04.17.,"기흥구 신구로 70 (구갈동, 라신APT)",경기 용인시 기흥구 구갈동 398,127.10996012795,37.2783698494842
472,기흥구,구갈동,분양,신갈 두원아파트,72,1994.08.19.,"기흥구 구갈로28번길 13 (구갈동, 두원아파트)",경기 용인시 기흥구 구갈동 397-2,127.112650105457,37.2774907889399
473,기흥구,구갈동,분양,신갈 두원아파트,42,1994.06.08.,"기흥구 구갈로28번길 13 (구갈동, 두원아파트)",경기 용인시 기흥구 구갈동 397-2,127.112650105457,37.2774907889399
474,기흥구,구갈동,분양,구갈 한양아파트,624,1993.12.24.,"기흥구 구갈로28번길 21-11 (구갈동, 한양아파트)",경기 용인시 기흥구 구갈동 396,127.111816202499,37.2794229577235
475,기흥구,구갈동,분양,신성아파트,98,1988.10.12.,"기흥구 구갈로 45 (구갈동, 신성APT)",경기 용인시 기흥구 구갈동 393,127.110703819885,37.278486832105
476,처인구,삼가동,분양,삼가 풍림아파트,377,1998.12.19,"처인구 삼가로 28 (삼가동, 풍림아파트)",경기 용인시 처인구 삼가동 117,127.166890544523,37.2456326865269
477,처인구,삼가동,분양,진우아파트,582,1999.03.13,"처인구 중부대로 1144 (삼가동, 진우아파트)",경기 용인시 처인구 삼가동 265,127.172143024956,37.2388157946696
478,처인구,삼가동,분양,금령마을 우남퍼스트빌,451,2003.11.28,"처인구 금학로 91 (삼가동, 금령마을우남퍼스트빌아파트)",경기 용인시 처인구 삼가동 537,127.173980330492,37.2401835987824
479,기흥구,마북동,분양,용화마을 태영데시앙아파트 1단지(조합),321,2003.10.14.,"기흥구 구성로 44-10 (마북동, 용화마을태영데시앙아파트)",경기 용인시 기흥구 마북동 619,127.113762894095,37.2935974982875
480,기흥구,마북동,분양,교동마을 엘지자이,450,2001.08.11.,"기흥구 마북로 182 (마북동, 교동마을엘지자이아파트)",경기 용인시 기흥구 마북동 617,127.126520830689,37.3046052126458
481,기흥구,마북동,분양,연원마을 현대아파트,424,2000.05.31.,"기흥구 연원로 60 (마북동, 연원마을현대아이파크아파트)",경기 용인시 기흥구 마북동 550-4,127.112107839272,37.3027099080142
482,기흥구,마북동,분양,연원마을 LG아파트,396,1999.12.29.,"기흥구 연원로 5 (마북동, 연원마을엘지자이아파트)",경기 용인시 기흥구 마북동 526-3,127.107915862695,37.3013629715323
483,기흥구,마북동,분양,"연원마을 삼호,벽산아파트",1576,2000.09.30.,"기흥구 연원로42번길 2 (마북동, 연원마을벽산아파트)",경기 용인시 기흥구 마북동 524-8,127.111378894338,37.3004419678659
484,처인구,포곡읍 전대리,분양,장미아파트,45,1989.07.07,처인구 포곡읍 전대로76번길 13 (장미아파트),경기 용인시 처인구 포곡읍 전대리 191-5,127.218591698147,37.2859913601916
485,처인구,포곡읍 영문리,분양,배머루마을 인정베네치아빌리지,347,2002.03.05,처인구 포곡읍 영문로 64 (베네치아아파트),경기 용인시 처인구 포곡읍 영문리 555,127.20953517256,37.272491714414
486,처인구,포곡읍 삼계리,분양,계수마을 용인수목원 우림필유,346,2007.02.27(2006.12.30),처인구 포곡읍 백옥대로1898번길 34 (우림필유),경기 용인시 처인구 포곡읍 삼계리 672,127.238272172635,37.2945130429444
487,처인구,포곡읍 삼계리,분양,진형월드아파트,32,2003.07.28,처인구 포곡읍 포곡로 289-1 (진형월드아파트),경기 용인시 처인구 포곡읍 삼계리 491-1,127.232599033304,37.2807287369192
488,처인구,포곡읍 둔전리,분양,용인 포곡 삼성쉐르빌아파트,469,2012.09.11,처인구 포곡읍 포곡로 159 (용인포곡삼성쉐르빌아파트),경기 용인시 처인구 포곡읍 둔전리 449,127.220790267532,37.2739215707702
489,처인구,포곡읍 둔전리,분양,금전마을 계룡리슈빌,441,2006.04.05,처인구 포곡읍 둔전로 15 (금전마을계룡리슈빌아파트) ,경기 용인시 처인구 포곡읍 둔전리 447,127.215480376765,37.2667911575817
490,처인구,포곡읍 둔전리,분양,신원 1차아파트,474,1998.07.14,처인구 포곡읍 포곡로 90 (신원아파트),경기 용인시 처인구 포곡읍 둔전리 385,127.215710104946,37.2674506609158
491,처인구,포곡읍 둔전리,분양,인정멜로디아파트,831,1998.07.14,처인구 포곡읍 포곡로61번길 17 (인정멜로디아파트),경기 용인시 처인구 포곡읍 둔전리 319,127.212646166538,37.270823929875
492,처인구,포곡읍 둔전리,분양,신원 2차아파트,296,1999.12.20,처인구 포곡읍 포곡로 98-1 (용인신원2차아파트),경기 용인시 처인구 포곡읍 둔전리 147,127.218051635498,37.2671835381001
493,처인구,이동읍 천리,분양,이화아파트,92,1990.10.11,처인구 이동읍 적동로 15 (이화아파트),경기 용인시 처인구 이동읍 천리 92-5,127.216668177495,37.1884065493774
494,처인구,이동읍 천리,분양,용인 라이프아파트,139,1995.03.23,처인구 이동읍 이원로 101 (라이프타워),경기 용인시 처인구 이동읍 천리 56-4,127.217805534892,37.1875357597732
495,기흥구,마북동,분양,용화마을 태영데시앙아파트 2단지(일반),132,2003.10.10.,"기흥구 구성로 44-5 (마북동, 용화마을태영데시앙아파트)",경기 용인시 기흥구 마북동 620,127.1153427692,37.2941504674954
496,기흥구,마북동,분양,교동마을 쌍용아파트,340,2002.03.08.,"기흥구 마북로154번길 23 (마북동, 교동마을쌍용아파트)",경기 용인시 기흥구 마북동 621,127.128019413568,37.3027252123596
497,기흥구,보라동,분양,한보라마을 휴먼시아5단지,446,2006.12.01.,"기흥구 한보라1로43번길 22 (보라동, 한보라마을휴먼시아5단지아파트)",경기 용인시 기흥구 보라동 617,127.110722511198,37.2491293427057
498,기흥구,보라동,분양,한보라마을 1단지 한양수자인,136,2009.03.31.,"기흥구 한보라2로 51 (보라동, 한보라마을1단지한양수자인아파트)",경기 용인시 기흥구 보라동 601,127.115690259551,37.2509796623201
499,기흥구,보라동,분양,민속마을 현대모닝사이드 1차,1112,2004.01.27(2003.12.29),"기흥구 사은로126번길 46 (보라동, 현대모닝사이드1차아파트)",경기 용인시 기흥구 보라동 570,127.119536406044,37.2527177393252
500,기흥구,보라동,분양,보라마을 현대모닝사이드 2차,771,2003.06.27.,"기흥구 용구대로 1842 (보라동, 현대모닝사이드2차아파트)",경기 용인시 기흥구 보라동 564,127.105729889874,37.2522132230294
501,기흥구,보라동,분양,민속마을 신창미션힐아파트,926,2002.09.17,"기흥구 사은로126번길 33 (보라동, 민속마을신창미션힐아파트)",경기 용인시 기흥구 보라동 558,127.121293829145,37.25216946929
502,기흥구,보라동,분양,민속마을 쌍용아파트,1596,2002.05.20.,"기흥구 사은로126번길 10 (보라동, 민속마을 쌍용아파트)",경기 용인시 기흥구 보라동 553,127.117560419708,37.2516865812303
503,기흥구,보라동,분양,삼성래미안아파트,370,1998.05.29.,"기흥구 한보라1로64번길 22 (보라동, 삼성래미안아파트)",경기 용인시 기흥구 보라동 450,127.106806385425,37.2523193909809
504,기흥구,보라동,분양,기흥삼정선비마을,299,1998.10.29.,"기흥구 사은로 64 (보라동, 선비마을삼정아파트)",경기 용인시 기흥구 보라동 289-12,127.112563315604,37.2550925152079
505,기흥구,마북동,분양,교동마을 마북2차 이편한세상,110,2010.11.30.,"기흥구 마북로 218 (마북동, 마북2차e편한세상)",경기 용인시 기흥구 마북동 649,127.128904614556,37.307349626137
506,기흥구,마북동,분양,교동마을 동양파라곤,278,2010.10.26.,"기흥구 마북로 140 (마북동, 동양 파라곤아파트)",경기 용인시 기흥구 마북동 641,127.12274438066,37.301602343532
507,기흥구,마북동,분양,교동마을 구성자이3차,309,2010.03.29.,"기흥구 구교동로118번길 7 (마북동, 교동마을구성자이3차아파트)",경기 용인시 기흥구 마북동 638,127.118260176148,37.302936928161
508,기흥구,마북동,분양,교동마을 마북 이-편한세상,404,2013.05.31,"기흥구 마북로 210 (마북동, 교동마을 마북 이-편한세상)",경기 용인시 기흥구 마북동 636,127.128263217012,37.3070090109714
509,기흥구,마북동,분양,교동마을 현대홈타운,795,2003.08.01.,"기흥구 마북로 124-9 (마북동, 교동마을현대홈타운)",경기 용인시 기흥구 마북동 630,127.124638352473,37.3006967151864
510,기흥구,마북동,분양,삼거마을 삼성래미안 1차아파트,1282,2002.12.31.,"기흥구 용구대로2394번길 27 (마북동, 삼성래미안1차아파트)",경기 용인시 기흥구 마북동 629,127.113463292513,37.300391782518
511,기흥구,마북동,분양,교동마을 현대필그린아파트,486,2002.01.02.,"기흥구 마북로 139 (마북동, 현대필그린아파트)",경기 용인시 기흥구 마북동 625,127.12023953873,37.3027601328363
512,기흥구,마북동,분양,연원마을 쉐르빌아파트,316,2002.05.30.,"기흥구 연원로42번길 33 (마북동, 연원마을삼성쉐르빌아파트)",경기 용인시 기흥구 마북동 624,127.114832245818,37.3019634908872
513,처인구,이동읍 천리,분양,경일,72,1987.08.24,처인구 이동읍 백옥대로 570 (국민주택),경기 용인시 처인구 이동읍 천리 149-1,127.206525360312,37.1876690413159
514,처인구,이동읍 천리,분양,용인 동아아파트,202,1993.12.30,처인구 이동읍 이원로 22 (동아아파트),경기 용인시 처인구 이동읍 천리 127,127.209494314665,37.1893860997942
515,처인구,이동읍 천리,분양,한천마을 금광베네스타,460,2008.07.30,처인구 이동읍 백옥대로 711 (한천마을 금광네베스타),경기 용인시 처인구 이동읍 천리 1134,127.208102044125,37.2000126670327
516,처인구,삼가동,분양,행정타운늘푸른오스카빌 3단지,174,2004.12.10,"처인구 중부대로1158번길 12 (삼가동, 행정타운늘푸른오스카빌아파트)",경기 용인시 처인구 삼가동 552,127.170550930152,37.2376115088833
517,처인구,삼가동,분양,행정타운늘푸른오스카빌 2단지,186,2004.12.10,"처인구 중부대로1158번길 12 (삼가동, 행정타운늘푸른오스카빌아파트)",경기 용인시 처인구 삼가동 552,127.170550930152,37.2376115088833
518,처인구,삼가동,분양,행정타운늘푸른오스카빌 1단지,315,2004.12.10,"처인구 중부대로1158번길 12 (삼가동, 행정타운늘푸른오스카빌아파트)",경기 용인시 처인구 삼가동 552,127.170550930152,37.2376115088833
519,처인구,삼가동,분양,용인행정타운 두산위브 1단지,199,2013.11.29,"처인구 지삼로590번길 24 (삼가동, 용인행정타운두산위브1단지)",경기 용인시 처인구 삼가동 562,127.164732663858,37.2385011475596
520,처인구,삼가동,분양,용인행정타운 두산위브 2단지,624,2013.11.29,"처인구 지삼로590번길 9 (삼가동, 용인행정타운두산위브2단지아파트)",경기 용인시 처인구 삼가동 563,127.167354380587,37.2404522884646
521,처인구,삼가동,분양,용인행정타운 두산위브 3단지,470,2013.11.29,"처인구 지삼로590번길 29 (삼가동, 용인행정타운두산위브3단지아파트)",경기 용인시 처인구 삼가동 564,127.169118531027,37.23981823994
522,처인구,양지면 양지리,분양,양지아파트,60,1987.12.04,처인구 양지면 양지로143번길 7 (양지아파트),경기 용인시 처인구 양지면 양지리 594-3,127.283821587203,37.2352732434597
523,처인구,양지면 양지리,분양,양지마을 신원아침도시,156,2007.08.24,처인구 양지면 교동로 1 (신원아침도시아파트),경기 용인시 처인구 양지면 양지리 907,127.285189473495,37.2347110399464
524,처인구,역북동,분양,청광아파트,72,1991.03.28,"처인구 낙은로34번길 20 (역북동, 청광아파트)",경기 용인시 처인구 역북동 271-1,127.198505936959,37.2415268685004
525,처인구,역북동,분양,자연농원사원조합주택(아),71,1993.07.09,"처인구 낙은로 43 (역북동, 한우리아파트)",경기 용인시 처인구 역북동 280-3,127.19760522192,37.2410520829744
526,처인구,역북동,분양,전원빌라,24,1988.01.19,"처인구 금학로265번길 9-2 (역북동, 전원빌라)",경기 용인시 처인구 역북동 380-3,127.192954739288,37.2388967945826
527,처인구,역북동,분양,삼성아파트,50,1989.10.19,"처인구 금학로241번길 18-2 (역북동, 삼성맨션)",경기 용인시 처인구 역북동 381,127.191211969868,37.2392966216303
528,처인구,역북동,분양,조양맨션,46,1989.11.27,"처인구 금학로 259 (역북동, 조양맨션)",경기 용인시 처인구 역북동 412-2,127.192575991357,37.2382886653166
529,처인구,역북동,분양,조양맨션,24,1988.12.02,"처인구 금학로 261 (역북동, 조양맨션)",경기 용인시 처인구 역북동 412-9,127.192663300598,37.2380107312127
530,처인구,역북동,분양,라이프청수아파트(청수종합시장),53,1993.10.05,"처인구 용문로 30-8 (역북동, 라이프청수아파트)",경기 용인시 처인구 역북동 418-3,127.188768164513,37.2375162033993
531,처인구,역북동,분양,삼성에버랜드사원아파트,50,1990.08.20,"처인구 용문로 42 (역북동, 삼성에버랜드사원아파트)",경기 용인시 처인구 역북동 426,127.190373015318,37.2373598260402
532,처인구,이동읍 천리,분양,샘골마을 풍성 신미주아파트 2단지,234,2005.02.05(2004.11.02), 처인구 이동읍 백옥대로587번길 7 (샘골마을풍성신미주아파트2단지) ,경기 용인시 처인구 이동읍 천리 1124,127.204895419447,37.1893503511482
533,처인구,이동읍 천리,분양,샘골마을 풍성신미주아파트 1단지,800,2005.02.05(2004.11.02),처인구 이동읍 백옥대로621번길 11 (신미주아파트),경기 용인시 처인구 이동읍 천리 1119,127.204993440662,37.1921141579213
534,처인구,이동읍 송전리,분양,송전마을 세광엔리치아파트,782,2010.04.30,처인구 이동읍 경기동로705번길 28 (세광엔리치타워),경기 용인시 처인구 이동읍 송전리 1227,127.201179688583,37.1391735837303
535,처인구,이동읍 송전리,분양,송전빌라,24,1986.11.21,처인구 이동읍 경기동로739번길 9-3 (송전빌라),경기 용인시 처인구 이동읍 송전리 192,127.200745927417,37.1364499645084
536,처인구,유방동,분양,성웅아파트,271,1998.05.15,"처인구 영문로29번길 17 (유방동, 용인성웅아파트)",경기 용인시 처인구 유방동 181,127.207068856228,37.2669935846693
537,처인구,유방동,분양,인정프린스 3차아파트,380,1996.06.08,"처인구 경안천로 368 (유방동, 인정프린스3차아파트)",경기 용인시 처인구 유방동 256-4,127.216520743689,37.263721397637
538,처인구,유방동,분양,인정프린스 2차아파트,330,1995.06.02,"처인구 경안천로 378 (유방동, 인정프린스2차아파트)",경기 용인시 처인구 유방동 1007-50,127.216779994487,37.2646120521987
539,처인구,유방동,분양,인정프린스 1차아파트,375,1994.04.22,"처인구 금어로 6 (유방동, 인정프린스1차아파트)",경기 용인시 처인구 유방동 1007-1,127.216318629405,37.2649107799949
540,처인구,역북동,분양,역북마을 보성아파트,162,2000.11.14,"처인구 명지로 15-33 (역북동, 역북마을보성아파트)",경기 용인시 처인구 역북동 721-3,127.191644125489,37.2350054175335
541,처인구,역북동,분양,역북마을 금강아파트,150,1999.04.14,"처인구 명지로 15-29 (역북동, 역북마을금강아파트)",경기 용인시 처인구 역북동 721-2,127.190658312781,37.2347450748545
542,처인구,역북동,분양,역북마을 신성아파트,475,1998.12.18,"처인구 명지로 15-5 (역북동, 역북마을신성아파트) ",경기 용인시 처인구 역북동 721-1,127.189754074397,37.2354205089921
543,처인구,역북동,분양,라이프한우리1차,86,1991.04.29,"처인구 낙은로 35 (역북동, 한우리아파트)",경기 용인시 처인구 역북동 470-7,127.197950934567,37.2405999923125
544,처인구,역북동,분양,삼아맨션,99,1987.06.10,"처인구 중부대로1313번길 20-15 (역북동, 삼아아파트)",경기 용인시 처인구 역북동 438-1,127.191660832035,37.2368861419101
545,처인구,역북동,분양,유성,24,1985.11.11,"처인구 중부대로1313번길 6 (역북동, 유성빌라)",경기 용인시 처인구 역북동 427-7,127.190970030992,37.2364922397743
546,기흥구,공세동,분양,기흥 호수청구아파트,498,1997.11.14.,"기흥구 공세로 226 (공세동, 청구아파트)",경기 용인시 기흥구 공세동 382-1,127.102562903765,37.2400290211559
547,처인구,고림동,분양,금평마을 영화2차아파트,428,2003.12.23,"처인구 금어로 102 (고림동, 금평마을영화아파트)",경기 용인시 처인구 고림동 1000,127.225536170175,37.2656108976731
548,처인구,고림동,분양,보평마을 삼정그린뷰아파트,360,2004.04.30,"처인구 금어로 74 (고림동, 삼정그린뷰아파트)",경기 용인시 처인구 고림동 1001,127.223261181051,37.2654793327914
549,처인구,고림동,분양,예원마을 코아루아파트,408,2004.12.08,"처인구 한터로275번길 40 (고림동, 예원마을코아루아파트)",경기 용인시 처인구 고림동 1002,127.237250220806,37.2578531115269
550,처인구,고림동,분양,예진마을 3차아파트,516,2003.07.01,"처인구 한터로152번길 62 (고림동, 예진마을인정피렌체빌리지III아파트)",경기 용인시 처인구 고림동 997,127.23220969308,37.2445675069567
551,처인구,김량장동,분양,김량장 현대아파트,755,1995.12.14,"처인구 백옥대로1068번길 12 (김량장동, 현대아파트)",경기 용인시 처인구 김량장동 4-2,127.211752887497,37.2292990888889
552,처인구,김량장동,분양,라이프미성아파트,75,1991.11.30,"처인구 학산로49번길 20 (김량장동, 라이프미성아파트)",경기 용인시 처인구 김량장동 193,127.203516978418,37.2395028167164
553,처인구,김량장동,분양,공신연립주택,96,1985.10.15,"처인구 금학로349번길 33-4 (김량장동, 공신빌라)",경기 용인시 처인구 김량장동 201-3,127.201269757699,37.240350215114
554,처인구,김량장동,분양,골드빌 아파트,53,2002.01.08,처인구 금령로71번길 8 (김량장동),경기 용인시 처인구 김량장동 254-51,127.204495017019,37.2358447828185
555,처인구,김량장동,분양,대연아파트,66,1987.08.13,"처인구 중부대로1343번길 8 (김량장동, 대연아파트)",경기 용인시 처인구 김량장동 291,127.194798286641,37.2359303301055
556,처인구,김량장동,분양,삼보라이프상가아파트,70,1996.01.29,처인구 금령로27번길 16-2 (김량장동),경기 용인시 처인구 김량장동 321,127.198732643133,37.2355405787225
557,처인구,고림동,분양,임원마을 영화1차 아파트,513,2002.06.26,"처인구 경안천로256번길 47-16 (고림동, 임원마을영화아파트)",경기 용인시 처인구 고림동 996,127.226827499995,37.2534781668999
558,처인구,고림동,분양,예진마을 2차아파트,416,2001.04.20,"처인구 한터로152번길 15 (고림동, 예진마을인정피렌체빌리지II아파트",경기 용인시 처인구 고림동 995,127.229916936429,37.2471012084189
559,처인구,백암면 근창리,분양,청와아파트,93,2010.04.23,처인구 백암면 백원로 513 (청화아파트),경기 용인시 처인구 백암면 근창리 1083,127.369003623492,37.1639164831072
560,처인구,모현읍 일산리,분양,효천마을 신안인스빌 2단지,538,2004.12.17,처인구 모현읍 문현로 326 (효천마을신안인스빌2단지아파트),경기 용인시 처인구 모현읍 일산리 669,127.243929947043,37.3366524310217
561,처인구,모현읍 일산리,분양,효천마을 신안인스빌 1단지,324,2004.12.17,처인구 모현읍 문현로 326 (효천마을신안인스빌1단지아파트),경기 용인시 처인구 모현읍 일산리 669,127.243929947043,37.3366524310217
562,처인구,모현읍 왕산리,분양,용인 모현 스위첸아파트,308,2012.01.31,처인구 모현읍 외대로54번길 12 (KCC스위첸아파트),경기 용인시 처인구 모현읍 왕산리 948,127.254026796604,37.3343467144271
563,처인구,모현읍 왕산리,분양,풍산햇빛마을아파트,330,2000.03.24,처인구 모현읍 백옥대로2332번길 21-8 (풍산햇빛마을아파트) ,경기 용인시 처인구 모현읍 왕산리 464-2,127.250215216931,37.3324937606486
564,처인구,마평동,분양,푸른마을 용인자이,502,2006.03.23,"처인구 금학로 520 (마평동, 푸른마을용인자이아파트)",경기 용인시 처인구 마평동 957,127.218933241943,37.2343743260703
565,처인구,마평동,분양,두보아파트,248,1999.10.29,"처인구 금령로173번길 14 (마평동, 두보아파트)",경기 용인시 처인구 마평동 923,127.216919538729,37.2354292806482
566,처인구,마평동,분양,동남,70,1986.11.07,"처인구 경안천로36번길 8 (마평동, 동남아파트)",경기 용인시 처인구 마평동 730-8,127.211381159093,37.2362071660488
567,처인구,마평동,분양,마평 우성아파트,358,1996.05.23,"처인구 금령로173번길 5 (마평동, 우성아파트) ",경기 용인시 처인구 마평동 650-1,127.215343222091,37.2351635559951
568,처인구,마평동,분양,마평 라이프아파트,290,1993.06.11,"처인구 동부로 7 (마평동, 라이프아파트)",경기 용인시 처인구 마평동 605-1,127.214085378328,37.2320260547433
569,처인구,마평동,분양,목련,25,1990.11.06,"처인구 중부대로1504번길 31 (마평동, 목련주택)",경기 용인시 처인구 마평동 597-1,127.213355852367,37.2305519092899
570,처인구,남동,분양,구미마을 삼라마이다스빌,159,2004.01.02,"처인구 명지로 307 (남동, 삼라마이다스빌구미마을)",경기 용인시 처인구 남동 684,127.20980855426,37.2281701147784
571,처인구,김량장동,분양,금학마을 금호어울림아파트,484,2009.11.24,"처인구 금령로13번길 13 (김량장동, 금학마을어울림아파트)",경기 용인시 처인구 김량장동 526,127.197790934347,37.2366019643714
572,처인구,고림동,분양,인정 피렌체 빌리지 1차,639,2000.01.15,"처인구 한터로152번길 45 (고림동, 피렌체아파트)",경기 용인시 처인구 고림동 264-8,127.230800386786,37.2466295058458
573,처인구,고림동,분양,이삭아파트,300,1998.12.24,"처인구 경안천로256번길 47-14 (고림동, 이삭아파트)",경기 용인시 처인구 고림동 411-1,127.227551825988,37.2526122273862
574,처인구,고림동,분양,성림아트맨션,45,1990.02.23,"처인구 고림로110번길 23-3 (고림동, 성림아트맨션)",경기 용인시 처인구 고림동 748-6,127.217185467009,37.2408406459367
575,처인구,고림동,분양,용성빌라,39,1986.11.21,"처인구 고진로 33 (고림동, 용성빌라)",경기 용인시 처인구 고림동 794-29,127.21598054278,37.2387341360681
576,처인구,김량장동,분양,청광가든빌리지2차,24,1989.01.11,"처인구 금령로40번길 15-8 (김량장동, 청광그린빌라)",경기 용인시 처인구 김량장동 337-1,127.201607130688,37.2333482527783
577,처인구,김량장동,분양,능안마을 그린힐아파트,86,2004.11.01,"처인구 금학로349번길 33-8 (김량장동, 그린힐아파트)",경기 용인시 처인구 김량장동 513,127.201338837122,37.2398819150614
578,처인구,김량장동,분양,아리현마을 삼환나우빌,458,2008.08.08(2007.12.31),"처인구 중부대로 1348 (김량장동, 삼환나우빌아파트)",경기 용인시 처인구 김량장동 516,127.193993074884,37.2347371362997
579,처인구,김량장동,분양,신우아파트,178,1999.10.29,"처인구 중부대로1388번길 12 (김량장동, 신우아파트)",경기 용인시 처인구 김량장동 503-3,127.197687551642,37.2326153723789
580,처인구,김량장동,분양,삼환아파트,180,1999.11.30,"처인구 중부대로1388번길 6-4 (김량장동, 삼환아파트)",경기 용인시 처인구 김량장동 502-2,127.197871580251,37.2331357792242
581,처인구,김량장동,분양,청광가든빌리지1차,21,1988.06.09,"처인구 중부대로1424번길 5-6 (김량장동, 청광가든빌리지1차)",경기 용인시 처인구 김량장동 352-1,127.203061284559,37.2320888100314
582,처인구,김량장동,분양,조양유통상가아파트,51,1992.04.11,"처인구 금령로40번길 13 (김량장동, 조양유통상가아파트)",경기 용인시 처인구 김량장동 338,127.200939846635,37.2336702490843
